time,altitude,altitude_target,speed,speed_target
0.0,0.0,0,0.0,0
0.0,0.0,0,0.0,0
0.0011060237884521484,0.0,0,0.0,0
0.07232379913330078,0.0,0,0.0,0
0.07335257530212402,0.0,0,0.0,0
0.17439484596252441,0.0,0,0.0,0
0.1754014492034912,0.0,0,0.0,0
0.24991130828857422,0.0,0,0.0,0
0.25091052055358887,0.0,0,0.0,0
0.29498887062072754,0.0,0,0.0,0
0.29498887062072754,0.0,0,0.0,0
0.35949182510375977,0.0,0,0.0,0
0.4397008419036865,0.0,0,0.0,0
0.4407007694244385,0.0,0,0.0,0
0.48677659034729004,0.0,0,0.0,0
0.4877934455871582,0.0,0,0.0,0
0.564814567565918,0.0,0,0.0,0
0.564814567565918,0.0,0,0.0,0
0.6113855838775635,0.0,0,0.0,0
0.6113855838775635,0.0,0,0.0,0
0.6877741813659668,0.0,0,0.0,0
0.6877741813659668,0.0,0,0.0,0
0.7885937690734863,0.0,0,0.0,0
0.7885937690734863,0.0,0,0.0,0
0.8407623767852783,0.0,0,0.0,0
0.8407623767852783,0.0,0,0.0,0
0.9207608699798584,0.0,0,0.0,0
0.9207608699798584,0.0,0,0.0,0
0.9811983108520508,0.0,0,0.0,0
1.0316190719604492,0.0,0,0.0,0
1.0316190719604492,0.0,0,0.0,0
1.1071157455444336,0.0,0,0.0,0
1.10819411277771,0.0,0,0.0,0
1.1682336330413818,0.0,0,0.0,0
1.169234275817871,0.0,0,0.0,0
1.2194099426269531,0.0,0,0.0,0
1.220409870147705,0.0,0,0.0,0
1.295635461807251,0.0,0,0.0,0
1.3724699020385742,0.0,0,0.0,0
1.3724699020385742,0.0,0,0.0,0
1.4194002151489258,0.0,0,0.0,0
1.4203896522521973,0.0,0,0.0,0
1.495915412902832,0.0,0,0.0,0
1.4969151020050049,0.0,0,0.0,0
1.5434834957122803,0.0,0,0.0,0
1.5444843769073486,0.0,0,0.0,0
1.6203789710998535,0.0,0,0.0,0
1.6203789710998535,0.0,0,0.0,0
1.6774027347564697,0.0,0,0.0,0
1.6774027347564697,0.0,0,0.0,0
1.7788434028625488,0.0,0,0.0,0
1.7788434028625488,0.0,0,0.0,0
1.829709768295288,0.0,0,0.0,0
1.829709768295288,0.0,0,0.0,0
1.8883411884307861,0.0,0,0.0,0
1.8883411884307861,0.0,0,0.0,0
1.9524364471435547,0.0,0,0.0,0
1.9524364471435547,0.0,0,0.0,0
2.0285935401916504,0.0,0,0.0,0
2.0831515789031982,0.0,0,0.0,0
2.0831515789031982,0.0,0,0.0,0
2.1598165035247803,0.0,0,0.0,0
2.1607255935668945,0.0,0,0.0,0
2.213297128677368,0.0,0,0.0,0
2.213297128677368,0.0,0,0.0,0
2.282186508178711,0.0,0,0.0,0
2.282186508178711,0.0,0,0.0,0
2.3474230766296387,0.0,0,0.0,0
2.3474230766296387,0.0,0,0.0,0
2.398751735687256,0.0,0,0.0,0
2.398751735687256,0.0,0,0.0,0
2.4776244163513184,0.0,0,0.0,0
2.4776244163513184,0.0,0,0.0,0
2.528801441192627,0.0,0,0.0,0
2.6044135093688965,0.0,0,0.0,0
2.6054160594940186,0.0,0,0.0,0
2.667590856552124,0.0,0,0.0,0
2.667590856552124,0.0,0,0.0,0
2.725604772567749,0.0,0,0.0,0
2.7266433238983154,0.0,0,0.0,0
2.804976463317871,0.0,0,0.0,0
2.804976463317871,0.0,0,0.0,0
2.850538492202759,0.0,0,0.0,0
2.8515238761901855,0.0,0,0.0,0
2.923663854598999,0.0,0,0.0,0
2.923663854598999,0.0,0,0.0,0
3.0163893699645996,0.0,0,0.0,0
3.0163893699645996,0.0,0,0.0,0
3.041529893875122,0.0,0,0.0,0
3.041529893875122,0.0,0,0.0,0
3.1170058250427246,0.0,0,0.0,0
3.1179957389831543,0.0,0,0.0,0
3.1683547496795654,0.0,0,0.0,0
3.1693549156188965,0.0,0,0.0,0
3.2485904693603516,0.0,0,0.0,0
3.249682664871216,0.0,0,0.0,0
3.2998452186584473,0.0,0,0.0,0
3.2998452186584473,0.0,0,0.0,0
3.379936933517456,0.0,0,0.0,0
3.4279446601867676,0.0,0,0.0,0
3.428945541381836,0.0,0,0.0,0
3.5080416202545166,0.0,0,0.0,0
3.5080416202545166,0.0,0,0.0,0
3.5482873916625977,0.0,0,0.0,0
3.5482873916625977,0.0,0,0.0,0
3.6225736141204834,0.0,0,0.0,0
3.6225736141204834,0.0,0,0.0,0
3.6988916397094727,0.0,0,0.0,0
3.6988916397094727,0.0,0,0.0,0
3.751023054122925,0.0,0,0.0,0
3.751023054122925,0.0,0,0.0,0
3.811018228530884,0.0,0,0.0,0
3.811018228530884,0.0,0,0.0,0
3.892766237258911,0.0,0,0.0,0
3.8947720527648926,0.0,0,0.0,0
3.940886974334717,0.0,0,0.0,0
3.940886974334717,0.0,0,0.0,0
4.01676607131958,0.0,0,0.0,0
4.019388437271118,0.0,0,0.0,0
4.100772857666016,0.0,0,0.0,0
4.100772857666016,0.0,0,0.0,0
4.128829002380371,0.0,0,0.0,0
4.199817895889282,0.0,0,0.0,0
4.199817895889282,0.0,0,0.0,0
4.276456832885742,0.0,0,0.0,0
4.277454853057861,0.0,0,0.0,0
4.3287787437438965,0.0,0,0.0,0
4.3287787437438965,0.0,0,0.0,0
4.407809734344482,0.0,0,0.0,0
4.408809423446655,0.0,0,0.0,0
4.454824209213257,0.0,0,0.0,0
4.454824209213257,0.0,0,0.0,0
4.508296251296997,0.0,0,0.0,0
4.592238664627075,0.0,0,0.0,0
4.592741966247559,0.0,0,0.0,0
4.592741966247559,0.0,0,0.0,0
4.644808769226074,0.0,0,0.0,0
4.725773334503174,0.0,0,0.0,0
4.726772785186768,0.0,0,0.0,0
4.727772951126099,0.0,0,0.0,0
4.774327039718628,0.0,0,0.0,0
4.839308261871338,0.0,0,0.0,0
4.840322494506836,0.0,0,0.0,0
4.913455009460449,0.0,0,0.0,0
4.913455009460449,0.0,0,0.0,0
4.9633660316467285,0.0,0,0.0,0
4.9633660316467285,0.0,0,0.0,0
5.039488792419434,0.0,0,0.0,0
5.041487455368042,0.0,0,0.0,0
5.092504024505615,0.0,0,0.0,0
5.092504024505615,0.0,0,0.0,0
5.169282674789429,0.0,0,0.0,0
5.221105575561523,0.0,0,0.0,0
5.221105575561523,0.0,0,0.0,0
5.297450304031372,0.0,0,0.0,0
5.297450304031372,0.0,0,0.0,0
5.356810092926025,0.0,0,0.0,0
5.356810092926025,0.0,0,0.0,0
5.4323248863220215,0.0,0,0.0,0
5.433340072631836,0.0,0,0.0,0
5.469507217407227,0.0,0,0.0,0
5.470504283905029,0.0,0,0.0,0
5.546306848526001,0.0,0,0.0,0
5.546306848526001,0.0,0,0.0,0
5.602197647094727,0.0,0,0.0,0
5.602197647094727,0.0,0,0.0,0
5.658707618713379,0.0,0,0.0,0
5.658707618713379,0.0,0,0.0,0
5.735765695571899,0.0,0,0.0,0
5.792779207229614,0.0,0,0.0,0
5.792779207229614,0.0,0,0.0,0
5.869544506072998,0.0,0,0.0,0
5.869544506072998,0.0,0,0.0,0
5.948200464248657,0.0,0,0.0,0
5.949184894561768,0.0,0,0.0,0
5.993334054946899,0.0,0,0.0,0
5.994696378707886,0.0,0,0.0,0
6.051147222518921,0.0,0,0.0,0
6.051147222518921,0.0,0,0.0,0
6.111332893371582,0.0,0,0.0,0
6.194732427597046,0.0,0,0.0,0
6.194732427597046,0.0,0,0.0,0
6.195743083953857,0.0,0,0.0,0
6.243371486663818,0.0,0,0.0,0
6.315763473510742,0.0,0,0.0,0
6.315763473510742,0.0,0,0.0,0
6.392298460006714,0.0,0,0.0,0
6.394806146621704,0.0,0,0.0,0
6.447547912597656,0.0,0,0.0,0
6.450877904891968,0.0,0,0.0,0
6.521633148193359,0.0,0,0.0,0
6.529046297073364,0.0,0,0.0,0
6.562751770019531,0.0,0,0.0,0
6.56521201133728,0.0,0,0.0,0
6.638188362121582,0.0,0,0.0,0
6.640925645828247,0.0,0,0.0,0
6.7435431480407715,0.0,0,0.0,0
6.744532585144043,0.0,0,0.0,0
6.791561603546143,0.0,0,0.0,0
6.797492980957031,0.0,0,0.0,0
6.853398561477661,0.0,0,0.0,0
6.929416179656982,0.0,0,0.0,0
6.930415868759155,0.0,0,0.0,0
6.980644702911377,0.0,0,0.0,0
6.981642723083496,0.0,0,0.0,0
7.04748272895813,0.0,0,0.0,0
7.048476696014404,0.0,0,0.0,0
7.129388332366943,0.0,0,0.0,0
7.130390167236328,0.0,0,0.0,0
7.1747727394104,0.0,0,0.0,0
7.176770925521851,0.0,0,0.0,0
7.228806018829346,0.0,0,0.0,0
7.304284572601318,0.0,0,0.0,0
7.305284261703491,0.0,0,0.0,0
7.366145133972168,0.0,0,0.0,0
7.366145133972168,0.0,0,0.0,0
7.428632736206055,0.0,0,0.0,0
7.428632736206055,0.0,0,0.0,0
7.493690252304077,0.0,0,0.0,0
7.493690252304077,0.0,0,0.0,0
7.5697855949401855,0.0,0,0.0,0
7.570785045623779,0.0,0,0.0,0
7.622687578201294,0.0,0,0.0,0
7.622687578201294,0.0,0,0.0,0
7.698712110519409,0.0,0,0.0,0
7.698712110519409,0.0,0,0.0,0
7.763318300247192,0.0,0,0.0,0
7.764323472976685,0.0,0,0.0,0
7.813724756240845,0.0,0,0.0,0
7.813724756240845,0.0,0,0.0,0
7.870769500732422,0.0,0,0.0,0
7.870769500732422,0.0,0,0.0,0
7.948549032211304,0.0,0,0.0,0
8.018810987472534,0.0,0,0.0,0
8.018810987472534,0.0,0,0.0,0
8.069770574569702,0.0,0,0.0,0
8.133708953857422,0.0,0,0.0,0
8.134724140167236,0.0,0,0.0,0
8.161568641662598,0.0,0,0.0,0
8.162572860717773,0.0,0,0.0,0
8.24013614654541,0.0,0,0.0,0
8.290236234664917,0.0,0,0.0,0
8.292269945144653,0.0,0,0.0,0
8.34984302520752,0.0,0,0.0,0
8.34984302520752,0.0,0,0.0,0
8.427855968475342,0.0,0,0.0,0
8.428834915161133,0.0,0,0.0,0
8.492353916168213,0.0,0,0.0,0
8.492353916168213,0.0,0,0.0,0
8.546282529830933,0.0,0,0.0,0
8.547298431396484,0.0,0,0.0,0
8.628366231918335,0.0,0,0.0,0
8.629350423812866,0.0,0,0.0,0
8.669867277145386,0.0,0,0.0,0
8.751402854919434,0.0,0,0.0,0
8.752406597137451,0.0,0,0.0,0
8.802306175231934,0.0,0,0.0,0
8.803500175476074,0.0,0,0.0,0
8.868492364883423,0.0,0,0.0,0
8.868492364883423,0.0,0,0.0,0
8.938510656356812,0.0,0,0.0,0
8.939514875411987,0.0,0,0.0,0
8.993930578231812,0.0,0,0.0,0
8.993930578231812,0.0,0,0.0,0
9.07138967514038,0.0,0,0.0,0
9.072389364242554,0.0,0,0.0,0
9.126761198043823,0.0,0,0.0,0
9.180023431777954,0.0,0,0.0,0
9.180023431777954,0.0,0,0.0,0
9.258670568466187,0.0,0,0.0,0
9.258670568466187,0.0,0,0.0,0
9.312336921691895,0.0,0,0.0,0
9.368689775466919,0.0,0,0.0,0
9.368689775466919,0.0,0,0.0,0
9.445064067840576,0.0,0,0.0,0
9.446401596069336,0.0,0,0.0,0
9.502490520477295,0.0,0,0.0,0
9.503496646881104,0.0,0,0.0,0
9.579585790634155,0.0,0,0.0,0
9.579585790634155,0.0,0,0.0,0
9.635862827301025,0.0,0,0.0,0
9.635862827301025,0.0,0,0.0,0
9.689810991287231,0.0,0,0.0,0
9.77931022644043,0.0,0,0.0,0
9.780314207077026,0.0,0,0.0,0
9.832236528396606,0.0,0,0.0,0
9.833971738815308,0.0,0,0.0,0
9.89109992980957,0.0,0,0.0,0
9.89109992980957,0.0,0,0.0,0
9.95166277885437,0.0,0,0.0,0
10.012579679489136,0.0,0,0.0,0
10.012579679489136,0.0,0,0.0,0
10.088707208633423,0.0,0,0.0,0
10.088707208633423,0.0,0,0.0,0
10.165775775909424,0.0,0,0.0,0
10.165775775909424,0.0,0,0.0,0
10.216199398040771,0.0,0,0.0,0
10.216199398040771,0.0,0,0.0,0
10.318741798400879,0.0,0,0.0,0
10.319751739501953,0.0,0,0.0,0
10.368776321411133,0.0,0,0.0,0
10.368776321411133,0.0,0,0.0,0
10.444761753082275,0.0,0,0.0,0
10.44533896446228,0.0,0,0.0,0
10.521260738372803,0.0,0,0.0,0
10.522236824035645,0.0,0,0.0,0
10.56581997871399,0.0,0,0.0,0
10.56581997871399,0.0,0,0.0,0
10.61873984336853,0.0,0,0.0,0
10.61974549293518,0.0,0,0.0,0
10.701424837112427,0.0,0,0.0,0
10.701424837112427,0.0,0,0.0,0
10.75365424156189,0.0,0,0.0,0
10.75365424156189,0.0,0,0.0,0
10.809881687164307,0.0,0,0.0,0
10.886258125305176,0.0,0,0.0,0
10.887261390686035,0.0,0,0.0,0
10.937986135482788,0.0,0,0.0,0
10.93947982788086,0.0,0,0.0,0
11.016269445419312,0.0,0,0.0,0
11.017272710800171,0.0,0,0.0,0
11.08620309829712,0.0,0,0.0,0
11.08620309829712,0.0,0,0.0,0
11.13735842704773,0.0,0,0.0,0
11.138442993164062,0.0,0,0.0,0
11.222708940505981,0.0,0,0.0,0
11.223714828491211,0.0,0,0.0,0
11.268986940383911,0.0,0,0.0,0
11.350764513015747,0.0,0,0.0,0
11.350764513015747,0.0,0,0.0,0
11.396259069442749,0.0,0,0.0,0
11.397191047668457,0.0,0,0.0,0
11.458882808685303,0.0,0,0.0,0
11.458882808685303,0.0,0,0.0,0
11.53510046005249,0.0,0,0.0,0
11.53610348701477,0.0,0,0.0,0
11.588308095932007,0.0,0,0.0,0
11.588308095932007,0.0,0,0.0,0
11.665103197097778,0.0,0,0.0,0
11.666286706924438,0.0,0,0.0,0
11.716140747070312,0.0,0,0.0,0
11.716140747070312,0.0,0,0.0,0
11.792291164398193,0.0,0,0.0,0
11.793732643127441,0.0,0,0.0,0
11.862216711044312,0.0,0,0.0,0
11.862216711044312,0.0,0,0.0,0
11.907785415649414,0.0,0,0.0,0
11.907785415649414,0.0,0,0.0,0
11.984406471252441,0.0,0,0.0,0
11.984406471252441,0.0,0,0.0,0
12.066346883773804,0.0,0,0.0,0
12.066346883773804,0.0,0,0.0,0
12.144654750823975,0.0,0,0.0,0
12.145653247833252,0.0,0,0.0,0
12.198230266571045,0.0,0,0.0,0
12.198230266571045,0.0,0,0.0,0
12.275218963623047,0.0,0,0.0,0
12.276612520217896,0.0,0,0.0,0
12.327171564102173,0.0,0,0.0,0
12.327171564102173,0.0,0,0.0,0
12.429028511047363,0.0,0,0.0,0
12.431261539459229,0.0,0,0.0,0
12.498558282852173,0.0,0,0.0,0
12.498558282852173,0.0,0,0.0,0
12.554762601852417,0.0,0,0.0,0
12.554762601852417,0.0,0,0.0,0
12.617804288864136,0.0,0,0.0,0
12.617804288864136,0.0,0,0.0,0
12.668449878692627,0.0,0,0.0,0
12.668449878692627,0.0,0,0.0,0
12.728487014770508,0.0,0,0.0,0
12.729515552520752,0.0,0,0.0,0
12.805046558380127,0.0,0,0.0,0
12.805046558380127,0.0,0,0.0,0
12.86123013496399,0.0,0,0.0,0
12.86123013496399,0.0,0,0.0,0
12.933658838272095,0.0,0,0.0,0
12.933658838272095,0.0,0,0.0,0
13.012496948242188,0.0,0,0.0,0
13.012496948242188,0.0,0,0.0,0
13.092421054840088,0.0,0,0.0,0
13.092923879623413,0.0,0,0.0,0
13.151537418365479,0.0,0,0.0,0
13.151537418365479,0.0,0,0.0,0
13.22569727897644,0.0,0,0.0,0
13.302287101745605,0.0,0,0.0,0
13.302287101745605,0.0,0,0.0,0
13.30328893661499,0.0,0,0.0,0
13.392384767532349,0.0,0,0.0,0
13.393084049224854,0.0,0,0.0,0
13.444971323013306,0.0,0,0.0,0
13.444971323013306,0.0,0,0.0,0
13.521055459976196,0.0,0,0.0,0
13.566218852996826,0.0,0,0.0,0
13.566218852996826,0.0,0,0.0,0
13.644804239273071,0.0,0,0.0,0
13.644804239273071,0.0,0,0.0,0
13.688765525817871,0.0,0,0.0,0
13.688765525817871,0.0,0,0.0,0
13.764813661575317,0.0,0,0.0,0
13.764813661575317,0.0,0,0.0,0
13.834914684295654,0.0,0,0.0,0
13.834914684295654,0.0,0,0.0,0
13.888780355453491,0.0,0,0.0,0
13.889703035354614,0.0,0,0.0,0
13.96493673324585,-0.0001,0,0.0,0
14.016180992126465,-0.0001,0,0.0,0
14.016180992126465,-0.0001,0,0.0,0
14.096361637115479,-0.0001,0,0.0,0
14.098382472991943,-0.0001,0,0.0,0
14.143325805664062,-0.0001,0,0.0,0
14.14443063735962,-0.0001,0,0.0,0
14.219761371612549,-0.0001,0,0.0,0
14.272273302078247,-0.0001,0,0.01,0
14.273284912109375,-0.0001,0,0.0,0
14.349930763244629,-0.0001,0,0.0,0
14.349930763244629,-0.0001,0,0.0,0
14.409780740737915,-0.0001,0,0.0,0
14.409780740737915,-0.0001,0,0.01,0
14.462813377380371,-0.0001,0,0.0,0
14.539543390274048,-0.0001,0,0.0,0
14.541541337966919,-0.0001,0,0.0,0
14.591334342956543,-0.0001,0,0.0,0
14.591334342956543,-0.0001,0,0.0,0
14.670100688934326,-0.0001,0,0.0,0
14.716186046600342,-0.0001,0,0.0,0
14.716186046600342,-0.0001,0,0.0,0
14.785617351531982,-0.0001,0,0.0,0
14.78670620918274,-0.0001,0,0.01,0
14.838682651519775,-0.0001,0,0.0,0
14.839277267456055,-0.0001,0,0.0,0
14.91741132736206,-0.0001,0,0.0,0
14.91741132736206,-0.0001,0,0.01,0
15.01868748664856,-0.0001,0,0.0,0
15.01868748664856,-0.0001,0,0.0,0
15.072339057922363,-0.0001,0,0.0,0
15.072339057922363,-0.0001,0,0.0,0
15.134200096130371,-0.0001,0,0.01,0
15.134200096130371,0.0,0,0.0,0
15.213746070861816,0.0,0,0.0,0
15.213746070861816,0.0,0,0.01,0
15.258518934249878,0.0,0,0.0,0
15.259463548660278,0.0,0,0.01,0
15.335029125213623,0.0,0,0.0,0
15.335029125213623,0.0,0,0.0,0
15.411001205444336,0.0,0,0.01,0
15.411001205444336,0.0,0,0.0,0
15.457459211349487,0.0,0,0.0,0
15.458462238311768,0.0,0,0.01,0
15.518282175064087,0.0,0,0.0,0
15.518282175064087,0.0,0,0.0,0
15.594723224639893,0.0,0,0.0,0
15.594723224639893,0.0,0,0.0,0
15.639581203460693,0.0,0,0.0,0
15.709988355636597,0.0,0,0.0,0
15.709988355636597,0.0,0,0.0,0
15.786235332489014,0.0,0,0.0,0
15.786235332489014,0.0,0,0.0,0
15.868643522262573,0.0,0,0.0,0
15.868643522262573,0.0,0,0.0,0
15.92068338394165,0.0,0,0.0,0
15.967024326324463,0.0,0,0.0,0
15.96804141998291,0.0,0,0.0,0
16.04391622543335,0.0,0,0.0,0
16.04391622543335,0.0,0,0.0,0
16.08872127532959,0.0,0,0.0,0
16.08872127532959,0.0,0,0.0,0
16.167860984802246,0.0,0,0.0,0
16.167860984802246,0.0,0,0.0,0
16.239716291427612,0.0,0,0.0,0
16.239716291427612,0.0,0,0.0,0
16.29144024848938,0.0,0,0.0,0
16.29144024848938,0.0,0,0.0,0
16.351664543151855,0.0,0,0.0,0
16.351664543151855,0.0,0,0.0,0
16.428670167922974,0.0,0,0.0,0
16.48507285118103,0.0,0,0.0,0
16.48507285118103,0.0,0,0.0,0
16.48507285118103,0.0,0,0.0,0
16.586366415023804,0.0,0,0.0,0
16.586366415023804,0.0,0,0.0,0
16.649176120758057,0.0,0,0.0,0
16.649176120758057,0.0,0,0.0,0
16.699435472488403,0.0,0,0.0,0
16.700438737869263,0.0,0,0.0,0
16.778387546539307,0.0,0,0.0,0
16.779388666152954,0.0,0,0.0,0
16.830078840255737,0.0,0,0.0,0
16.830078840255737,0.0,0,0.0,0
16.912445783615112,0.0,0,0.0,0
16.912445783615112,0.0,0,0.0,0
16.96994948387146,0.0,0,0.0,0
17.01852512359619,0.0,0,0.0,0
17.01852512359619,0.0,0,0.0,0
17.094364404678345,0.0,0,0.0,0
17.094364404678345,0.0,0,0.0,0
17.15243911743164,0.0,0,0.0,0
17.15243911743164,0.0,0,0.0,0
17.231273412704468,0.0,0,0.0,0
17.28525161743164,0.0,0,0.0,0
17.286269187927246,0.0,0,0.0,0
17.286269187927246,0.0,0,0.0,0
17.371323347091675,0.0,0,0.0,0
17.371323347091675,0.0,0,0.0,0
17.44776701927185,0.0,0,0.0,0
17.44776701927185,0.0,0,0.0,0
17.498793363571167,0.0,0,0.0,0
17.577513694763184,0.0,0,0.0,0
17.577513694763184,0.0,0,0.0,0
17.63042163848877,0.0,0,0.0,0
17.63042163848877,0.0,0,0.0,0
17.704010486602783,0.0,0,0.0,0
17.704010486602783,0.0,0,0.0,0
17.77984595298767,0.0,0,0.0,0
17.77984595298767,0.0,0,0.0,0
17.82617688179016,0.0,0,0.0,0
17.82617688179016,0.0,0,0.0,0
17.902454137802124,0.0,0,0.0,0
17.903464317321777,0.0,0,0.0,0
17.95391035079956,0.0,0,0.0,0
17.95391035079956,0.0,0,0.0,0
18.029970407485962,0.0,0,0.0,0
18.08377957344055,0.0,0,0.0,0
18.08377957344055,0.0,0,0.0,0
18.160428762435913,0.0,0,0.0,0
18.160428762435913,0.0,0,0.0,0
18.205097675323486,0.0,0,0.0,0
18.26878333091736,0.0,0,0.0,0
18.26878333091736,0.0,0,0.0,0
18.347509622573853,0.0,0,0.0,0
18.347509622573853,0.0,0,0.0,0
18.408152103424072,0.0,0,0.0,0
18.409149646759033,0.0,0,0.0,0
18.45975112915039,0.0,0,0.0,0
18.45975112915039,0.0,0,0.0,0
18.510831832885742,0.0,0,0.0,0
18.589813709259033,0.0,0,0.0,0
18.589813709259033,0.0,0,0.0,0
18.66895318031311,0.0,0,0.0,0
18.66895318031311,0.0,0,0.0,0
18.715392112731934,0.0,0,0.01,0
18.791228771209717,0.0,0,0.0,0
18.791228771209717,0.0,0,0.0,0
18.792221546173096,0.0,0,0.0,0
18.896122694015503,0.0,0,0.0,0
18.896122694015503,0.0,0,0.0,0
18.95464062690735,0.0,0,0.0,0
18.95464062690735,0.0,0,0.0,0
18.999755382537842,0.0,0,0.0,0
18.999755382537842,0.0,0,0.0,0
19.07841944694519,0.0,0,0.01,0
19.07841944694519,0.0,0,0.0,0
19.13075590133667,0.0,0,0.0,0
19.13075590133667,0.0,0,0.0,0
19.202463626861572,0.0,0,0.0,0
19.202463626861572,0.0,0,0.01,0
19.280755758285522,0.0,0,0.0,0
19.280755758285522,0.0,0,0.0,0
19.326383352279663,0.0,0,0.01,0
19.326383352279663,0.0,0,0.0,0
19.40259337425232,0.0,0,0.0,0
19.40259337425232,0.0,0,0.01,0
19.448538780212402,0.0,0,0.0,0
19.448538780212402,0.0,0,0.0,0
19.500062465667725,0.0,0,0.0,0
19.55375027656555,0.0,0,0.0,0
19.55375027656555,0.0,0,0.0,0
19.60879349708557,0.0,0,0.0,0
19.689333200454712,0.0,0,0.01,0
19.689333200454712,0.0,0,0.0,0
19.739885091781616,0.0,0,0.0,0
19.739885091781616,0.0,0,0.0,0
19.81878662109375,0.0,0,0.0,0
19.819742918014526,0.0,0,0.0,0
19.87010669708252,0.0,0,0.0,0
19.87010669708252,0.0,0,0.0,0
19.928375482559204,0.0,0,0.01,0
19.929380178451538,0.0,0,0.0,0
20.005699157714844,0.0,0,0.01,0
20.058719635009766,0.0,0,0.0,0
20.058719635009766,0.0,0,0.0,0
20.135147094726562,0.0,0,0.0,0
20.135147094726562,0.0,0,0.0,0
20.191471338272095,0.0,0,0.0,0
20.191471338272095,0.0,0,0.0,0
20.267472505569458,0.0,0,0.0,0
20.267472505569458,0.0,0,0.0,0
20.320133686065674,0.0,0,0.0,0
20.396284103393555,0.0,0,0.01,0
20.396284103393555,0.0,0,0.0,0
20.396284103393555,0.0,0,0.0,0
20.475443363189697,0.0,0,0.0,0
20.475443363189697,0.0,0,0.0,0
20.551218032836914,0.0,0,0.0,0
20.551218032836914,0.0,0,0.0,0
20.603286027908325,0.0,0,0.0,0
20.676260948181152,0.0,0,0.0,0
20.676260948181152,0.0,0,0.0,0
20.731362104415894,0.0,0,0.01,0
20.731362104415894,0.0,0,0.0,0
20.8064444065094,0.0,0,0.01,0
20.807441234588623,0.0,0,0.0,0
20.882492065429688,0.0,0,0.0,0
20.882492065429688,0.0,0,0.0,0
20.927639484405518,0.0,0,0.0,0
20.927639484405518,0.0,0,0.0,0
21.003397464752197,0.0,0,0.0,0
21.003397464752197,0.0,0,0.0,0
21.055721282958984,0.0,0,0.01,0
21.056725025177002,0.0,0,0.0,0
21.132261514663696,0.0,0,0.0,0
21.18326735496521,0.0,0,0.01,0
21.18326735496521,0.0,0,0.0,0
21.1842679977417,0.0,0,0.0,0
21.287553787231445,0.0,0,0.0,0
21.287553787231445,0.0,0,0.0,0
21.33876657485962,0.0,0,0.0,0
21.33876657485962,0.0,0,0.0,0
21.403725624084473,0.0,0,0.0,0
21.403725624084473,0.0,0,0.0,0
21.46235466003418,0.0,0,0.01,0
21.46235466003418,0.0,0,0.0,0
21.56960940361023,0.0,0,0.0,0
21.56960940361023,0.0,0,0.0,0
21.64723825454712,0.0,0,0.0,0
21.648176431655884,0.0,0,0.0,0
21.698870420455933,0.0,0,0.0,0
21.698870420455933,0.0,0,0.0,0
21.75587296485901,0.0,0,0.0,0
21.75587296485901,0.0,0,0.01,0
21.824583053588867,0.0,0,0.0,0
21.824583053588867,0.0,0,0.0,0
21.925931930541992,0.0,0,0.0,0
21.925931930541992,0.0,0,0.0,0
22.001147031784058,0.0,0,0.0,0
22.001147031784058,0.0,0,0.0,0
22.05236577987671,0.0,0,0.0,0
22.108917474746704,0.0,0,0.0,0
22.108917474746704,0.0,0,0.0,0
22.172253608703613,0.0,0,0.0,0
22.17325758934021,0.0,0,0.01,0
22.249166011810303,0.0,0,0.0,0
22.250168561935425,0.0,0,0.0,0
22.298864364624023,0.0,0,0.0,0
22.298864364624023,0.0,0,0.0,0
22.380080699920654,0.0,0,0.0,0
22.430923461914062,0.0,0,0.0,0
22.430923461914062,0.0,0,0.0,0
22.483582973480225,0.0,0,0.01,0
22.483582973480225,0.0,0,0.0,0
22.56034755706787,0.0,0,0.0,0
22.56034755706787,0.0,0,0.0,0
22.63876700401306,0.0,0,0.0,0
22.63876700401306,0.0,0,0.0,0
22.6854190826416,0.0,0,0.0,0
22.6854190826416,0.0,0,0.01,0
22.742368936538696,0.0,0,0.0,0
22.818376064300537,0.0,0,0.0,0
22.818376064300537,0.0,0,0.0,0
22.86862564086914,0.0,0,0.0,0
22.86862564086914,0.0,0,0.01,0
22.950101852416992,0.0,0,0.0,0
22.950101852416992,0.0,0,0.0,0
23.003873348236084,0.0,0,0.0,0
23.079983949661255,0.0,0,0.01,0
23.079983949661255,0.0,0,0.0,0
23.136483907699585,0.0,0,0.0,0
23.136483907699585,0.0,0,0.0,0
23.190526485443115,0.0,0,0.0,0
23.19152593612671,0.0,0,0.0,0
23.268772840499878,0.0,0,0.0,0
23.268772840499878,0.0,0,0.0,0
23.320185661315918,0.0,0,0.0,0
23.320185661315918,0.0,0,0.0,0
23.378226041793823,0.0,0,0.0,0
23.379316806793213,0.0,0,0.01,0
23.4550838470459,0.0,0,0.0,0
23.4550838470459,0.0,0,0.0,0
23.53138494491577,0.0,0,0.0,0
23.589207887649536,0.0,0,0.0,0
23.589207887649536,0.0,0,0.0,0
23.589207887649536,0.0,0,0.0,0
23.692429780960083,0.0,0,0.0,0
23.694227695465088,0.0,0,0.0,0
23.738707780838013,0.0,0,0.0,0
23.738707780838013,0.0,0,0.0,0
23.81521773338318,0.0,0,0.0,0
23.85993194580078,0.0,0,0.0,0
23.85993194580078,0.0,0,0.0,0
23.938992023468018,0.0,0,0.33,0
23.938992023468018,0.0001,0,1.2,0
23.979528427124023,0.0001,0,1.62,0
23.98053812980652,0.0001,0,1.92,0
24.082648992538452,0.0002,0,2.27,0
24.082648992538452,0.0002,0,2.5,0
24.127681732177734,0.0002,0,2.71,0
24.127681732177734,0.0002,0,2.97,0
24.181373834609985,0.0002,0,3.18,0
24.181373834609985,0.0002,0,3.36,0
24.257426261901855,0.0002,0,3.61,0
24.258424997329712,0.0002,0,3.81,0
24.30973768234253,0.0002,0,3.99,0
24.383339643478394,0.0002,0,4.24,0
24.384346961975098,0.0002,0,4.43,0
24.384346961975098,0.0002,0,4.6,0
24.48760724067688,0.0002,0,4.84,0
24.488346815109253,0.0002,0,5.08,0
24.538843393325806,0.0001,0,5.27,0
24.538843393325806,0.0001,0,5.51,0
24.615094423294067,0.0001,0,5.74,0
24.66742467880249,0.0002,0,5.97,0
24.66742467880249,0.0002,0,6.21,0
24.731266260147095,0.0002,0,6.38,0
24.731266260147095,0.0002,0,6.61,0
24.80753207206726,0.0002,0,6.78,0
24.80753207206726,0.0002,0,6.95,0
24.859046459197998,0.0002,0,7.17,0
24.859046459197998,0.0002,0,7.4,0
24.93531560897827,0.0002,0,7.57,0
24.981356620788574,0.0002,0,7.8,0
25.054712533950806,0.0003,0,8.02,0
25.05571460723877,0.0003,0,8.25,0
25.08004379272461,0.0003,0,8.48,0
25.08004379272461,0.0003,0,8.64,0
25.15685486793518,0.0003,0,8.86,0
25.20991611480713,0.0004,0,9.01,0
25.20991611480713,0.0004,0,9.16,0
25.286331176757812,0.0005,0,9.35,0
25.286331176757812,0.0006,0,9.49,0
25.34351897239685,0.0007000000000000001,0,9.63,0
25.34452199935913,0.0009,0,9.81,0
25.413768529891968,0.001,0,9.94,0
25.413768529891968,0.0012,0,10.06,0
25.45910668373108,0.0015,0,10.23,0
25.460111618041992,0.0017000000000000001,0,10.35,0
25.535072088241577,0.002,0,10.46,0
25.535072088241577,0.0024,0,10.61,0
25.610817909240723,0.0028000000000000004,0,10.76,0
25.610817909240723,0.0032,0,10.87,0
25.656571865081787,0.0038,0,11.0,0
25.657073497772217,0.0042,0,11.11,0
25.735028505325317,0.0046,0,11.21,0
25.789764165878296,0.0053,0,11.34,0
25.79076337814331,0.006,0,11.47,0
25.866379737854004,0.0067,0,11.6,0
25.866379737854004,0.0075,0,11.73,0
25.90885829925537,0.008100000000000001,0,11.82,0
25.986411094665527,0.009000000000000001,0,11.94,0
25.986411094665527,0.0096,0,12.03,0
26.06246042251587,0.0103,0,12.13,0
26.06246042251587,0.011200000000000002,0,12.25,0
26.107665538787842,0.011899999999999999,0,12.33,0
26.107665538787842,0.0126,0,12.42,0
26.172283411026,0.013600000000000001,0,12.54,0
26.172283411026,0.0143,0,12.63,0
26.25138211250305,0.0151,0,12.72,0
26.25138211250305,0.0158,0,12.8,0
26.29853343963623,0.0169,0,12.92,0
26.29853343963623,0.0177,0,13.01,0
26.375386953353882,0.0187,0,13.12,0
26.375386953353882,0.0195,0,13.21,0
26.420164823532104,0.0204,0,13.29,0
26.420164823532104,0.0215,0,13.4,0
26.498037099838257,0.0223,0,13.49,0
26.498037099838257,0.0231,0,13.57,0
26.548861026763916,0.024,0,13.65,0
26.548861026763916,0.0252,0,13.76,0
26.608463525772095,0.026000000000000002,0,13.84,0
26.685105800628662,0.027200000000000002,0,13.95,0
26.68562412261963,0.0281,0,14.03,0
26.68562412261963,0.028999999999999998,0,14.1,0
26.741076231002808,0.03,0,14.18,0
26.81895637512207,0.031200000000000002,0,14.28,0
26.81895637512207,0.0322,0,14.36,0
26.82004475593567,0.0331,0,14.43,0
26.878456115722656,0.0344,0,14.53,0
26.930153608322144,0.0358,0,14.62,0
26.930153608322144,0.0371,0,14.72,0
27.008819818496704,0.0385,0,14.81,0
27.008819818496704,0.0395,0,14.88,0
27.11020040512085,0.0409,0,14.97,0
27.11020040512085,0.042,0,15.04,0
27.161351203918457,0.0431,0,15.1,0
27.161351203918457,0.0446,0,15.19,0
27.221757173538208,0.045700000000000005,0,15.26,0
27.221757173538208,0.0472,0,15.35,0
27.289265394210815,0.0487,0,15.43,0
27.289265394210815,0.049800000000000004,0,15.5,0
27.36519503593445,0.051399999999999994,0,15.58,0
27.366215705871582,0.0526,0,15.64,0
27.414257764816284,0.0538,0,15.71,0
27.49016833305359,0.0554,0,15.79,0
27.49016833305359,0.056600000000000004,0,15.85,0
27.491172075271606,0.057800000000000004,0,15.91,0
27.547873735427856,0.0591,0,15.97,0
27.547873735427856,0.0603,0,16.03,0
27.62440252304077,0.0616,0,16.09,0
27.62440252304077,0.0633,0,16.17,0
27.70004892349243,0.065,0,16.25,0
27.70004892349243,0.0662,0,16.31,0
27.776654958724976,0.068,0,16.39,0
27.776654958724976,0.0693,0,16.45,0
27.830214738845825,0.0706,0,16.5,0
27.830214738845825,0.0719,0,16.56,0
27.888886213302612,0.0737,0,16.64,0
27.889511585235596,0.075,0,16.7,0
27.964902639389038,0.07629999999999999,0,16.76,0
27.964902639389038,0.0781,0,16.84,0
28.018704652786255,0.0794,0,16.9,0
28.018704652786255,0.0808,0,16.97,0
28.09821391105652,0.0825,0,17.05,0
28.09821391105652,0.08380000000000001,0,17.11,0
28.14889931678772,0.0851,0,17.18,0
28.14889931678772,0.0868,0,17.26,0
28.22432231903076,0.08810000000000001,0,17.33,0
28.22432231903076,0.0894,0,17.39,0
28.301305055618286,0.0911,0,17.48,0
28.302429914474487,0.09230000000000001,0,17.54,0
28.348524570465088,0.09359999999999999,0,17.61,0
28.414873361587524,0.09519999999999999,0,17.69,0
28.415876865386963,0.0964,0,17.76,0
28.45958948135376,0.0981,0,17.85,0
28.46060299873352,0.0993,0,17.92,0
28.536336183547974,0.1005,0,17.99,0
28.536336183547974,0.10210000000000001,0,18.08,0
28.615012407302856,0.1033,0,18.16,0
28.615012407302856,0.1045,0,18.23,0
28.660479307174683,0.1057,0,18.31,0
28.66058349609375,0.1073,0,18.41,0
28.74095892906189,0.1085,0,18.48,0
28.74095892906189,0.1097,0,18.55,0
28.792895555496216,0.11130000000000001,0,18.64,0
28.792895555496216,0.1124,0,18.71,0
28.87147808074951,0.11359999999999999,0,18.78,0
28.872167825698853,0.1152,0,18.86,0
28.923747062683105,0.11689999999999999,0,18.95,0
28.998374223709106,0.1185,0,19.02,0
28.9993736743927,0.1202,0,19.1,0
29.04983878135681,0.12140000000000001,0,19.15,0
29.04983878135681,0.1231,0,19.22,0
29.10968780517578,0.1249,0,19.28,0
29.11059045791626,0.12619999999999998,0,19.32,0
29.21134662628174,0.1281,0,19.37,0
29.21134662628174,0.12990000000000002,0,19.42,0
29.28764033317566,0.1318,0,19.47,0
29.288243770599365,0.1338,0,19.51,0
29.33834958076477,0.1353,0,19.54,0
29.418080806732178,0.1374,0,19.58,0
29.418080806732178,0.1389,0,19.61,0
29.418080806732178,0.1405,0,19.63,0
29.49784207344055,0.1427,0,19.67,0
29.49784207344055,0.1448,0,19.7,0
29.574506998062134,0.1465,0,19.73,0
29.574506998062134,0.1487,0,19.76,0
29.61884117126465,0.15039999999999998,0,19.79,0
29.61884117126465,0.1527,0,19.83,0
29.700204849243164,0.155,0,19.87,0
29.749955415725708,0.1568,0,19.9,0
29.749955415725708,0.1591,0,19.94,0
29.834972143173218,0.16079999999999997,0,19.98,0
29.834972143173218,0.16260000000000002,0,20.01,0
29.87886071205139,0.1649,0,20.06,0
29.87886071205139,0.1672,0,20.11,0
29.96164560317993,0.16899999999999998,0,20.15,0
29.96164560317993,0.17129999999999998,0,20.2,0
30.006396293640137,0.17309999999999998,0,20.24,0
30.006396293640137,0.1748,0,20.28,0
30.082537174224854,0.1771,0,20.34,0
30.082537174224854,0.1788,0,20.38,0
30.127143621444702,0.1805,0,20.42,0
30.19785499572754,0.18280000000000002,0,20.49,0
30.19785499572754,0.1844,0,20.53,0
30.19785499572754,0.1861,0,20.58,0
30.299216985702515,0.1883,0,20.64,0
30.299216985702515,0.1905,0,20.71,0
30.374926567077637,0.19269999999999998,0,20.77,0
30.374926567077637,0.1943,0,20.8,0
30.42014980316162,0.1959,0,20.81,0
30.42014980316162,0.1975,0,20.79,0
30.498937845230103,0.1996,0,20.75,0
30.498937845230103,0.2011,0,20.7,0
30.55711269378662,0.20309999999999997,0,20.61,0
30.558082818984985,0.2046,0,20.55,0
30.60844874382019,0.20600000000000002,0,20.48,0
30.685009956359863,0.2078,0,20.38,0
30.685009956359863,0.20920000000000002,0,20.3,0
30.686092853546143,0.21050000000000002,0,20.23,0
30.738433361053467,0.21170000000000003,0,20.15,0
30.81518006324768,0.2133,0,20.05,0
30.81518006324768,0.2144,0,19.98,0
30.89109182357788,0.2159,0,19.87,0
30.89109182357788,0.21719999999999998,0,19.77,0
30.928465366363525,0.2181,0,19.69,0
30.929600477218628,0.2192,0,19.59,0
31.015851736068726,0.22030000000000002,0,19.48,0
31.015851736068726,0.22089999999999999,0,19.41,0
31.096498250961304,0.2217,0,19.3,0
31.096498250961304,0.2224,0,19.2,0
31.17265510559082,0.2228,0,19.12,0
31.17360496520996,0.22329999999999997,0,19.02,0
31.21973705291748,0.2235,0,18.95,0
31.22073721885681,0.2237,0,18.87,0
31.307687520980835,0.22390000000000002,0,18.78,0
31.352458000183105,0.22390000000000002,0,18.68,0
31.352458000183105,0.22390000000000002,0,18.61,0
31.428332090377808,0.2237,0,18.52,0
31.429348707199097,0.2235,0,18.46,0
31.481191873550415,0.2231,0,18.38,0
31.481191873550415,0.22260000000000002,0,18.33,0
31.55983328819275,0.22219999999999998,0,18.32,0
31.560755014419556,0.22149999999999997,0,18.34,0
31.611337184906006,0.22089999999999999,0,18.38,0
31.611337184906006,0.2202,0,18.46,0
31.671507835388184,0.2193,0,18.59,0
31.72715449333191,0.2182,0,18.75,0
31.72715449333191,0.2173,0,18.88,0
31.805874586105347,0.2161,0,19.07,0
31.8068790435791,0.2151,0,19.22,0
31.8579580783844,0.214,0,19.38,0
31.85895586013794,0.2125,0,19.6,0
31.935272216796875,0.2114,0,19.76,0
31.935272216796875,0.2102,0,19.91,0
32.01099348068237,0.2087,0,20.09,0
32.01099348068237,0.2075,0,20.21,0
32.06497359275818,0.2064,0,20.31,0
32.06497359275818,0.20489999999999997,0,20.43,0
32.110130310058594,0.2034,0,20.53,0
32.186402320861816,0.20199999999999999,0,20.63,0
32.186402320861816,0.2011,0,20.68,0
32.2376663684845,0.20010000000000003,0,20.73,0
32.2382071018219,0.19899999999999998,0,20.79,0
32.317158460617065,0.19820000000000002,0,20.81,0
32.318100690841675,0.1975,0,20.83,0
32.40529203414917,0.1967,0,20.85,0
32.40529203414917,0.196,0,20.84,0
32.452571868896484,0.1955,0,20.83,0
32.504515647888184,0.195,0,20.81,0
32.50551652908325,0.19469999999999998,0,20.78,0
32.50651407241821,0.1945,0,20.75,0
32.61135649681091,0.1943,0,20.71,0
32.61135649681091,0.1942,0,20.67,0
32.66223382949829,0.1941,0,20.61,0
32.66223382949829,0.1941,0,20.57,0
32.73965096473694,0.1942,0,20.53,0
32.74058747291565,0.1943,0,20.47,0
32.7912061214447,0.19440000000000002,0,20.41,0
32.7912061214447,0.19469999999999998,0,20.34,0
32.8485791683197,0.1948,0,20.29,0
32.92572593688965,0.19510000000000002,0,20.23,0
32.92672395706177,0.1953,0,20.18,0
32.978729009628296,0.1955,0,20.13,0
32.978729009628296,0.19579999999999997,0,20.06,0
33.054739475250244,0.1961,0,20.01,0
33.054739475250244,0.19640000000000002,0,19.96,0
33.10874700546265,0.1967,0,19.91,0
33.10874700546265,0.19699999999999998,0,19.89,0
33.1713342666626,0.1972,0,19.89,0
33.249876260757446,0.19760000000000003,0,19.91,0
33.249876260757446,0.1978,0,19.95,0
33.30138111114502,0.1981,0,20.01,0
33.30138111114502,0.19829999999999998,0,20.07,0
33.38136410713196,0.1986,0,20.13,0
33.38136410713196,0.1989,0,20.21,0
33.427547216415405,0.19920000000000002,0,20.28,0
33.427547216415405,0.19940000000000002,0,20.33,0
33.51236963272095,0.1998,0,20.38,0
33.51236963272095,0.20010000000000003,0,20.41,0
33.557666540145874,0.2005,0,20.41,0
33.62131452560425,0.2009,0,20.39,0
33.62131452560425,0.20129999999999998,0,20.37,0
33.69782757759094,0.20170000000000002,0,20.33,0
33.69782757759094,0.2022,0,20.28,0
33.74879002571106,0.2027,0,20.22,0
33.74879002571106,0.203,0,20.18,0
33.82472634315491,0.2034,0,20.13,0
33.825725078582764,0.20379999999999998,0,20.08,0
33.88131284713745,0.2043,0,20.01,0
33.88222336769104,0.2046,0,19.96,0
33.958781480789185,0.205,0,19.91,0
33.958781480789185,0.20550000000000002,0,19.84,0
34.00349569320679,0.20579999999999998,0,19.79,0
34.07963562011719,0.20629999999999998,0,19.72,0
34.08049535751343,0.20670000000000002,0,19.65,0
34.12791585922241,0.207,0,19.6,0
34.12791585922241,0.2072,0,19.56,0
34.203879833221436,0.2076,0,19.49,0
34.205872535705566,0.2078,0,19.45,0
34.266207695007324,0.20800000000000002,0,19.41,0
34.266207695007324,0.2082,0,19.38,0
34.31737971305847,0.2084,0,19.36,0
34.39643979072571,0.20850000000000002,0,19.37,0
34.39643979072571,0.2086,0,19.41,0
34.47433137893677,0.2086,0,19.46,0
34.47433137893677,0.2086,0,19.52,0
34.51861524581909,0.2086,0,19.58,0
34.51861524581909,0.2086,0,19.67,0
34.59721255302429,0.20850000000000002,0,19.77,0
34.59721255302429,0.2084,0,19.83,0
34.692644119262695,0.20829999999999999,0,19.91,0
34.693156003952026,0.2082,0,19.97,0
34.73747110366821,0.20809999999999998,0,20.0,0
34.73747110366821,0.20800000000000002,0,20.01,0
34.81424403190613,0.2078,0,20.01,0
34.867252349853516,0.2077,0,20.0,0
34.867252349853516,0.2076,0,19.98,0
34.94799470901489,0.2076,0,19.97,0
34.94799470901489,0.2075,0,19.94,0
34.99381947517395,0.20739999999999997,0,19.92,0
34.99381947517395,0.20739999999999997,0,19.89,0
35.070043087005615,0.2073,0,19.85,0
35.070043087005615,0.2073,0,19.82,0
35.12015652656555,0.2073,0,19.79,0
35.12015652656555,0.2073,0,19.75,0
35.20081567764282,0.2073,0,19.7,0
35.20081567764282,0.2072,0,19.67,0
35.300925493240356,0.2072,0,19.62,0
35.300925493240356,0.2072,0,19.58,0
35.34782385826111,0.2072,0,19.53,0
35.34782385826111,0.2071,0,19.49,0
35.423725605010986,0.2071,0,19.46,0
35.46965026855469,0.207,0,19.44,0
35.4706506729126,0.207,0,19.44,0
35.54036474227905,0.2069,0,19.45,0
35.54036474227905,0.20679999999999998,0,19.49,0
35.61639761924744,0.20670000000000002,0,19.54,0
35.66814088821411,0.2065,0,19.62,0
35.66814088821411,0.2064,0,19.71,0
35.728798627853394,0.20629999999999998,0,19.79,0
35.728798627853394,0.2061,0,19.89,0
35.805177450180054,0.20600000000000002,0,19.96,0
35.805177450180054,0.2059,0,20.02,0
35.88144898414612,0.2057,0,20.08,0
35.88144898414612,0.20559999999999998,0,20.11,0
35.91898274421692,0.20550000000000002,0,20.13,0
35.91898274421692,0.2053,0,20.14,0
35.99777555465698,0.2053,0,20.13,0
35.99777555465698,0.2052,0,20.12,0
36.08014941215515,0.2051,0,20.1,0
36.08014941215515,0.205,0,20.08,0
36.12527060508728,0.205,0,20.05,0
36.18244194984436,0.20489999999999997,0,20.02,0
36.18244194984436,0.20489999999999997,0,19.99,0
36.1834557056427,0.20489999999999997,0,19.96,0
36.286463260650635,0.2048,0,19.92,0
36.287447452545166,0.2048,0,19.88,0
36.33777832984924,0.2048,0,19.84,0
36.33829212188721,0.2048,0,19.8,0
36.41494584083557,0.2048,0,19.75,0
36.46894669532776,0.2048,0,19.7,0
36.46894669532776,0.2047,0,19.65,0
36.54778337478638,0.2047,0,19.62,0
36.548314571380615,0.2047,0,19.58,0
36.59261393547058,0.2047,0,19.56,0
36.59261393547058,0.2046,0,19.55,0
36.67064809799194,0.2045,0,19.56,0
36.67232656478882,0.2045,0,19.58,0
36.721065282821655,0.20440000000000003,0,19.61,0
36.721065282821655,0.2043,0,19.68,0
36.822333574295044,0.20420000000000002,0,19.76,0
36.85260605812073,0.204,0,19.83,0
36.85260605812073,0.2039,0,19.93,0
36.95359420776367,0.20379999999999998,0,20.01,0
36.954593896865845,0.2036,0,20.08,0
36.981250286102295,0.20350000000000001,0,20.16,0
36.981250286102295,0.20329999999999998,0,20.22,0
37.060110092163086,0.20309999999999997,0,20.26,0
37.10754060745239,0.203,0,20.27,0
37.108542919158936,0.2028,0,20.27,0
37.1745707988739,0.2027,0,20.26,0
37.1745707988739,0.2026,0,20.24,0
37.23584842681885,0.2025,0,20.23,0
37.23684358596802,0.2023,0,20.2,0
37.31896638870239,0.2022,0,20.17,0
37.31896638870239,0.2021,0,20.15,0
37.36374378204346,0.20199999999999999,0,20.11,0
37.4405152797699,0.2018,0,20.08,0
37.4405152797699,0.20170000000000002,0,20.04,0
37.49122381210327,0.2016,0,20.0,0
37.49122381210327,0.20149999999999998,0,19.97,0
37.550204277038574,0.2014,0,19.93,0
37.550204277038574,0.2014,0,19.9,0
37.62885522842407,0.20129999999999998,0,19.87,0
37.62885522842407,0.20120000000000002,0,19.82,0
37.730244398117065,0.2011,0,19.79,0
37.730244398117065,0.201,0,19.76,0
37.78143620491028,0.2009,0,19.75,0
37.78223490715027,0.20079999999999998,0,19.76,0
37.861406564712524,0.2007,0,19.78,0
37.861406564712524,0.2006,0,19.81,0
37.91494107246399,0.2005,0,19.87,0
37.91494107246399,0.2004,0,19.92,0
37.97764492034912,0.2002,0,20.01,0
37.97764492034912,0.20010000000000003,0,20.11,0
38.078970193862915,0.2,0,20.21,0
38.078970193862915,0.1998,0,20.3,0
38.12850284576416,0.1997,0,20.36,0
38.12850284576416,0.1996,0,20.41,0
38.20591950416565,0.19949999999999998,0,20.44,0
38.20591950416565,0.19940000000000002,0,20.45,0
38.26004719734192,0.1993,0,20.45,0
38.26004719734192,0.19920000000000002,0,20.45,0
38.325000524520874,0.1991,0,20.43,0
38.37874507904053,0.19899999999999998,0,20.4,0
38.37874507904053,0.19899999999999998,0,20.37,0
38.45547270774841,0.1989,0,20.34,0
38.45547270774841,0.1989,0,20.3,0
38.53090953826904,0.19879999999999998,0,20.27,0
38.580241680145264,0.19879999999999998,0,20.23,0
38.580241680145264,0.19879999999999998,0,20.2,0
38.580241680145264,0.19879999999999998,0,20.17,0
38.63903522491455,0.19879999999999998,0,20.14,0
38.70662713050842,0.19879999999999998,0,20.09,0
38.70662713050842,0.19879999999999998,0,20.05,0
38.77010536193848,0.19879999999999998,0,20.02,0
38.77010536193848,0.19879999999999998,0,19.97,0
38.84635090827942,0.19879999999999998,0,19.93,0
38.84635090827942,0.1989,0,19.89,0
38.90010952949524,0.1989,0,19.87,0
38.90010952949524,0.1989,0,19.86,0
38.9515962600708,0.1989,0,19.86,0
38.9515962600708,0.1989,0,19.88,0
39.022276163101196,0.1989,0,19.91,0
39.02327919006348,0.1989,0,19.96,0
39.0979106426239,0.1989,0,20.02,0
39.099457025527954,0.1989,0,20.09,0
39.15241575241089,0.1989,0,20.18,0
39.153422832489014,0.1989,0,20.25,0
39.233452558517456,0.1989,0,20.32,0
39.233452558517456,0.1989,0,20.38,0
39.27771711349487,0.1989,0,20.44,0
39.27825951576233,0.1989,0,20.47,0
39.35882329940796,0.1989,0,20.49,0
39.410106897354126,0.1989,0,20.49,0
39.410106897354126,0.1989,0,20.49,0
39.479177474975586,0.1989,0,20.47,0
39.479177474975586,0.1989,0,20.45,0
39.56459045410156,0.1989,0,20.42,0
39.56493091583252,0.19899999999999998,0,20.39,0
39.60345983505249,0.19899999999999998,0,20.36,0
39.604952573776245,0.1991,0,20.33,0
39.661248445510864,0.1991,0,20.3,0
39.662251710891724,0.19920000000000002,0,20.25,0
39.7363703250885,0.19920000000000002,0,20.22,0
39.7363703250885,0.1993,0,20.17,0
39.78781533241272,0.19940000000000002,0,20.13,0
39.78781533241272,0.19940000000000002,0,20.1,0
39.86329007148743,0.19949999999999998,0,20.05,0
39.86429572105408,0.1996,0,20.01,0
39.91775107383728,0.1996,0,19.97,0
39.91775107383728,0.1997,0,19.91,0
39.99388384819031,0.1998,0,19.88,0
39.99388384819031,0.1999,0,19.85,0
40.052528619766235,0.1999,0,19.82,0
40.053532123565674,0.2,0,19.81,0
40.12451386451721,0.2,0,19.82,0
40.17917060852051,0.20010000000000003,0,19.85,0
40.17917060852051,0.20010000000000003,0,19.88,0
40.25564193725586,0.20010000000000003,0,19.93,0
40.2566397190094,0.20010000000000003,0,19.99,0
40.30082941055298,0.2002,0,20.07,0
40.30082941055298,0.2002,0,20.14,0
40.38342595100403,0.2002,0,20.21,0
40.38342595100403,0.2002,0,20.29,0
40.428905963897705,0.2002,0,20.35,0
40.428905963897705,0.2002,0,20.4,0
40.503663301467896,0.2002,0,20.42,0
40.50466704368591,0.2002,0,20.43,0
40.5587272644043,0.2002,0,20.43,0
40.5598886013031,0.2002,0,20.41,0
40.6347975730896,0.2002,0,20.4,0
40.6347975730896,0.2003,0,20.37,0
40.71833825111389,0.2003,0,20.34,0
40.71975874900818,0.2003,0,20.31,0
40.7678484916687,0.2003,0,20.28,0
40.7678484916687,0.2004,0,20.24,0
40.81841468811035,0.2004,0,20.21,0
40.8194146156311,0.2004,0,20.18,0
40.87887001037598,0.2005,0,20.13,0
40.87887001037598,0.2005,0,20.1,0
40.982521295547485,0.2006,0,20.05,0
40.98348426818848,0.2007,0,20.01,0
41.06014537811279,0.2007,0,19.98,0
41.06014537811279,0.20079999999999998,0,19.94,0
41.10469603538513,0.20079999999999998,0,19.89,0
41.10561418533325,0.2009,0,19.84,0
41.1839497089386,0.2009,0,19.8,0
41.1839497089386,0.201,0,19.77,0
41.26872730255127,0.201,0,19.77,0
41.26872730255127,0.201,0,19.79,0
41.330400705337524,0.201,0,19.81,0
41.330400705337524,0.2011,0,19.87,0
41.40833783149719,0.2011,0,19.93,0
41.40933847427368,0.2011,0,19.99,0
41.450727224349976,0.201,0,20.08,0
41.450727224349976,0.201,0,20.15,0
41.53035020828247,0.201,0,20.22,0
41.53185200691223,0.201,0,20.28,0
41.58739161491394,0.201,0,20.35,0
41.58739161491394,0.201,0,20.38,0
41.65594148635864,0.201,0,20.4,0
41.656941413879395,0.201,0,20.41,0
41.70803475379944,0.201,0,20.4,0
41.78650712966919,0.201,0,20.38,0
41.78650712966919,0.201,0,20.35,0
41.83758997917175,0.201,0,20.33,0
41.83758997917175,0.2011,0,20.29,0
41.914230823516846,0.2011,0,20.26,0
41.98470616340637,0.2011,0,20.21,0
41.98570775985718,0.20120000000000002,0,20.17,0
42.029024839401245,0.20120000000000002,0,20.14,0
42.029024839401245,0.20129999999999998,0,20.09,0
42.10489511489868,0.2014,0,20.06,0
42.10489511489868,0.2014,0,20.02,0
42.18092942237854,0.20149999999999998,0,19.97,0
42.18092942237854,0.2016,0,19.92,0
42.23014044761658,0.2016,0,19.88,0
42.30858039855957,0.20170000000000002,0,19.83,0
42.30958032608032,0.2018,0,19.78,0
42.35027527809143,0.2018,0,19.74,0
42.35027527809143,0.20190000000000002,0,19.73,0
42.42817234992981,0.20190000000000002,0,19.73,0
42.42817234992981,0.20199999999999999,0,19.75,0
42.47888922691345,0.20199999999999999,0,19.79,0
42.47888922691345,0.20199999999999999,0,19.83,0
42.58276987075806,0.20199999999999999,0,19.91,0
42.58276987075806,0.20199999999999999,0,19.99,0
42.6589093208313,0.20199999999999999,0,20.06,0
42.6589093208313,0.20199999999999999,0,20.15,0
42.70116376876831,0.20199999999999999,0,20.24,0
42.77806282043457,0.20199999999999999,0,20.3,0
42.77806282043457,0.20199999999999999,0,20.34,0
42.83144545555115,0.20199999999999999,0,20.35,0
42.83144545555115,0.20199999999999999,0,20.35,0
42.90878748893738,0.20199999999999999,0,20.34,0
42.90878748893738,0.20199999999999999,0,20.32,0
42.95350122451782,0.20199999999999999,0,20.29,0
43.03021168708801,0.2021,0,20.26,0
43.03021168708801,0.2021,0,20.22,0
43.08773851394653,0.2021,0,20.18,0
43.08773851394653,0.2022,0,20.15,0
43.1636278629303,0.2022,0,20.11,0
43.218666791915894,0.2023,0,20.06,0
43.218666791915894,0.2023,0,20.02,0
43.29530072212219,0.2024,0,19.98,0
43.29530072212219,0.2025,0,19.93,0
43.34088659286499,0.2025,0,19.88,0
43.4177348613739,0.2026,0,19.82,0
43.4177348613739,0.2026,0,19.79,0
43.47425436973572,0.2027,0,19.74,0
43.47425436973572,0.2027,0,19.71,0
43.54964065551758,0.2027,0,19.71,0
43.55055642127991,0.2027,0,19.71,0
43.60024833679199,0.2027,0,19.71,0
43.60024833679199,0.2027,0,19.71,0
43.677640438079834,0.2027,0,19.71,0
43.72895336151123,0.2027,0,19.71,0
43.72895336151123,0.2027,0,19.71,0
43.80805325508118,0.2027,0,19.71,0
43.80805325508118,0.2027,0,19.71,0
43.86352252960205,0.2027,0,19.71,0
43.86352252960205,0.2027,0,19.71,0
43.9398558139801,0.2027,0,19.71,0
43.94085741043091,0.2027,0,19.71,0
43.985390424728394,0.2027,0,19.71,0
43.985390424728394,0.2027,0,19.71,0
44.06190490722656,0.2027,0,19.71,0
44.107227087020874,0.2027,0,19.71,0
44.10822629928589,0.2027,0,19.71,0
44.17320251464844,0.2027,0,19.71,0
44.17419958114624,0.2027,0,19.71,0
44.24890947341919,0.2027,0,19.71,0
44.24890947341919,0.2027,0,19.71,0
44.30125880241394,0.2027,0,19.71,0
44.380277156829834,0.2027,0,19.71,0
44.381784200668335,0.2027,0,19.71,0
44.381784200668335,0.2027,0,19.71,0
44.430073976516724,0.2027,0,19.71,0
44.536133766174316,0.2027,0,19.71,0
44.536133766174316,0.2027,0,19.71,0
44.55764675140381,0.2027,0,19.71,0
44.55764675140381,0.2027,0,19.71,0
44.635955572128296,0.2027,0,19.71,0
44.635955572128296,0.2027,0,19.71,0
44.69650411605835,0.2027,0,19.71,0
44.69650411605835,0.2027,0,19.71,0
44.747719049453735,0.2027,0,19.71,0
44.747719049453735,0.2027,0,19.71,0
44.82422351837158,0.2027,0,19.71,0
44.88144588470459,0.2027,0,19.71,0
44.88215470314026,0.2027,0,19.71,0
44.8831582069397,0.2027,0,19.71,0
44.989720582962036,0.2027,0,19.71,0
44.99171853065491,0.2027,0,19.71,0
45.041141510009766,0.2027,0,19.71,0
45.04213285446167,0.2027,0,19.71,0
45.11831855773926,0.2027,0,19.71,0
45.16986012458801,0.2027,0,19.71,0
45.16986012458801,0.2027,0,19.71,0
45.245246171951294,0.2027,0,19.71,0
45.245246171951294,0.2027,0,19.71,0
45.289971351623535,0.2027,0,19.71,0
45.366549253463745,0.2027,0,19.71,0
45.36957049369812,0.2027,0,19.71,0
45.42127084732056,0.2027,0,19.71,0
45.422269344329834,0.2027,0,19.71,0
45.49651861190796,0.2027,0,19.71,0
45.49651861190796,0.2027,0,19.71,0
45.54789757728577,0.2027,0,19.71,0
45.54789757728577,0.2027,0,19.71,0
45.63507866859436,0.2027,0,19.71,0
45.63507866859436,0.2027,0,19.71,0
45.68151497840881,0.2027,0,19.71,0
45.68254089355469,0.2027,0,19.71,0
45.782479763031006,0.2027,0,19.71,0
45.782479763031006,0.2027,0,19.71,0
45.858991384506226,0.2027,0,19.71,0
45.858991384506226,0.2027,0,19.71,0
45.90657663345337,0.2027,0,19.71,0
45.95302486419678,0.2027,0,19.71,0
46.01031565666199,0.2027,0,19.71,0
46.01132678985596,0.2027,0,19.71,0
46.06254434585571,0.2027,0,19.71,0
46.06254434585571,0.2027,0,19.71,0
46.13804745674133,0.2027,0,19.71,0
46.18753409385681,0.2027,0,19.71,0
46.188310861587524,0.2027,0,19.71,0
46.26423001289368,0.2027,0,19.71,0
46.267226219177246,0.2027,0,19.71,0
46.31918263435364,0.2027,0,19.71,0
46.31918263435364,0.2027,0,19.71,0
46.38171100616455,0.2027,0,19.71,0
46.38171100616455,0.2027,0,19.71,0
46.453726053237915,0.2027,0,19.71,0
46.53026103973389,0.2027,0,19.71,0
46.531272649765015,0.2027,0,19.71,0
46.57472491264343,0.2027,0,19.71,0
46.57472491264343,0.2027,0,19.71,0
46.65475559234619,0.2027,0,19.71,0
46.65575194358826,0.2027,0,19.71,0
46.71253323554993,0.2027,0,19.71,0
46.71357297897339,0.2027,0,19.71,0
46.75953459739685,0.2027,0,19.71,0
46.834030628204346,0.2027,0,19.71,0
46.834030628204346,0.2027,0,19.71,0
46.91000008583069,0.2027,0,19.71,0
46.91108679771423,0.2027,0,19.71,0
46.96021032333374,0.2027,0,19.71,0
46.96021032333374,0.2027,0,19.71,0
47.03659963607788,0.2027,0,19.71,0
47.03868317604065,0.2027,0,19.71,0
47.09338188171387,0.2027,0,19.71,0
47.15027403831482,0.2027,0,19.71,0
47.15027403831482,0.2027,0,19.71,0
47.23104500770569,0.2027,0,19.71,0
47.23104500770569,0.2027,0,19.71,0
47.27893304824829,0.2027,0,19.71,0
47.27994108200073,0.2027,0,19.71,0
47.35527801513672,0.2027,0,19.71,0
47.35629868507385,0.2027,0,19.71,0
47.40003275871277,0.2027,0,19.71,0
47.47653818130493,0.2027,0,19.71,0
47.47756385803223,0.2027,0,19.71,0
47.528165102005005,0.2027,0,19.71,0
47.52916979789734,0.2027,0,19.71,0
47.60382318496704,0.2027,0,19.71,0
47.60382318496704,0.2027,0,19.71,0
47.680580854415894,0.2027,0,19.71,0
47.72526955604553,0.2027,0,19.71,0
47.72629261016846,0.2027,0,19.71,0
47.80254030227661,0.2027,0,19.71,0
47.80254030227661,0.2027,0,19.71,0
47.85476350784302,0.2027,0,19.71,0
47.930314779281616,0.2027,0,19.71,0
47.931318044662476,0.2027,0,19.71,0
47.98394989967346,0.2027,0,19.71,0
47.98394989967346,0.2027,0,19.71,0
48.062463998794556,0.2027,0,19.71,0
48.063456773757935,0.2027,0,19.71,0
48.10895848274231,0.2027,0,19.71,0
48.10995841026306,0.2027,0,19.71,0
48.18845510482788,0.2027,0,19.71,0
48.18845510482788,0.2027,0,19.71,0
48.23921489715576,0.2027,0,19.71,0
48.314491510391235,0.2027,0,19.71,0
48.315499782562256,0.2027,0,19.71,0
48.36059355735779,0.2027,0,19.71,0
48.36059355735779,0.2027,0,19.71,0
48.43651843070984,0.2027,0,19.71,0
48.43761372566223,0.2027,0,19.71,0
48.544137716293335,0.2027,0,19.71,0
48.545138120651245,0.2027,0,19.71,0
48.58878564834595,0.2027,0,19.71,0
48.58878564834595,0.2027,0,19.71,0
48.66877269744873,0.2027,0,19.71,0
48.66935682296753,0.2027,0,19.71,0
48.721394777297974,0.2027,0,19.71,0
48.721394777297974,0.2027,0,19.71,0
48.800233602523804,0.2027,0,19.71,0
48.80132699012756,0.2027,0,19.71,0
48.84532070159912,0.2027,0,19.71,0
48.9224112033844,0.2027,0,19.71,0
48.923426151275635,0.2027,0,19.71,0
48.923426151275635,0.2027,0,19.71,0
48.99833154678345,0.2027,0,19.71,0
48.99833154678345,0.2027,0,19.71,0
49.07756757736206,0.2027,0,19.71,0
49.07756757736206,0.2027,0,19.71,0
49.1300790309906,0.2027,0,19.71,0
49.1300790309906,0.2027,0,19.71,0
49.20476508140564,0.2027,0,19.71,0
49.28021192550659,0.2027,0,19.71,0
49.281230449676514,0.2027,0,19.71,0
49.31918954849243,0.2027,0,19.71,0
49.31918954849243,0.2027,0,19.71,0
49.394469022750854,0.2027,0,19.71,0
49.395389795303345,0.2027,0,19.71,0
49.46974539756775,0.2027,0,19.71,0
49.523197412490845,0.2027,0,19.71,0
49.52419400215149,0.2027,0,19.71,0
49.60166692733765,0.2027,0,19.71,0
49.602667570114136,0.2027,0,19.71,0
49.65408515930176,0.2027,0,19.71,0
49.65408515930176,0.2027,0,19.71,0
49.7137565612793,0.2027,0,19.71,0
49.7137565612793,0.2027,0,19.71,0
49.816317558288574,0.2027,0,19.71,0
49.816317558288574,0.2027,0,19.71,0
49.87337851524353,0.2027,0,19.71,0
49.874324321746826,0.2027,0,19.71,0
49.94707417488098,0.2027,0,19.71,0
49.9480881690979,0.2027,0,19.71,0
49.995224714279175,0.2027,0,19.71,0
49.995224714279175,0.2027,0,19.71,0
50.05857181549072,0.2027,0,19.71,0
50.13729810714722,0.2027,0,19.71,0
50.13820219039917,0.2027,0,19.71,0
50.192636251449585,0.2027,0,19.71,0
50.192636251449585,0.2027,0,19.71,0
50.26060962677002,0.2027,0,19.71,0
50.26060962677002,0.2027,0,19.71,0
50.30797076225281,0.2027,0,19.71,0
50.386021852493286,0.2027,0,19.71,0
50.38688278198242,0.2027,0,19.71,0
50.38688278198242,0.2027,0,19.71,0
50.47544026374817,0.2027,0,19.71,0
50.47544026374817,0.2027,0,19.71,0
50.55189371109009,0.2027,0,19.71,0
50.55189371109009,0.2027,0,19.71,0
50.60643649101257,0.2027,0,19.71,0
50.60643649101257,0.2027,0,19.71,0
50.68491291999817,0.2027,0,19.71,0
50.68491291999817,0.2027,0,19.71,0
50.76101756095886,0.2027,0,19.71,0
50.76101756095886,0.2027,0,19.71,0
50.8287878036499,0.2027,0,19.71,0
50.82976174354553,0.2027,0,19.71,0
50.899977922439575,0.2027,0,19.71,0
50.899977922439575,0.2027,0,19.71,0
50.95028233528137,0.2027,0,19.71,0
51.025874853134155,0.2027,0,19.71,0
51.026875019073486,0.2027,0,19.71,0
51.0802264213562,0.2027,0,19.71,0
51.0802264213562,0.2027,0,19.71,0
51.15524673461914,0.2027,0,19.71,0
51.20868945121765,0.2027,0,19.71,0
51.209716796875,0.2027,0,19.71,0
51.28471922874451,0.2027,0,19.71,0
51.28471922874451,0.2027,0,19.71,0
51.36245822906494,0.2027,0,19.71,0
51.363466024398804,0.2027,0,19.71,0
51.40744352340698,0.2027,0,19.71,0
51.48663330078125,0.2027,0,19.71,0
51.48663330078125,0.2027,0,19.71,0
51.48763060569763,0.2027,0,19.71,0
51.55819272994995,0.2027,0,19.71,0
51.55819272994995,0.2027,0,19.71,0
51.634474754333496,0.2027,0,19.71,0
51.63548398017883,0.2027,0,19.71,0
51.711313009262085,0.2027,0,19.71,0
51.711313009262085,0.2027,0,19.71,0
51.75690150260925,0.2027,0,19.71,0
51.83220839500427,0.2027,0,19.71,0
51.833224296569824,0.2027,0,19.71,0
51.88950252532959,0.2027,0,19.71,0
51.88950252532959,0.2027,0,19.71,0
51.96680283546448,0.2027,0,19.71,0
51.967811584472656,0.2027,0,19.71,0
52.01253080368042,0.2027,0,19.71,0
52.01253080368042,0.2027,0,19.71,0
52.08900451660156,0.2027,0,19.71,0
52.09011101722717,0.2027,0,19.71,0
52.14050793647766,0.2027,0,19.71,0
52.14150619506836,0.2027,0,19.71,0
52.198482036590576,0.2027,0,19.71,0
52.27141833305359,0.2027,0,19.71,0
52.27141833305359,0.2027,0,19.71,0
52.34656262397766,0.2027,0,19.71,0
52.34656262397766,0.2027,0,19.71,0
52.39107394218445,0.2027,0,19.71,0
52.39207100868225,0.2027,0,19.71,0
52.46771168708801,0.2027,0,19.71,0
52.5214262008667,0.2027,0,19.71,0
52.522427797317505,0.2027,0,19.71,0
52.598729610443115,0.2027,0,19.71,0
52.59974145889282,0.2027,0,19.71,0
52.653806924819946,0.2027,0,19.71,0
52.653806924819946,0.2027,0,19.71,0
52.73030757904053,0.2027,0,19.71,0
52.73030757904053,0.2027,0,19.71,0
52.78400182723999,0.2027,0,19.71,0
52.78501629829407,0.2027,0,19.71,0
52.87144732475281,0.2027,0,19.71,0
52.87144732475281,0.2027,0,19.71,0
52.94744825363159,0.2027,0,19.71,0
52.948447465896606,0.2027,0,19.71,0
53.00009226799011,0.2027,0,19.71,0
53.08164143562317,0.2027,0,19.71,0
53.08394122123718,0.2027,0,19.71,0
53.13532757759094,0.2027,0,19.71,0
53.136338233947754,0.2027,0,19.71,0
53.21614193916321,0.2027,0,19.71,0
53.21614193916321,0.2027,0,19.71,0
53.26140737533569,0.2027,0,19.71,0
53.262404441833496,0.2027,0,19.71,0
53.33926343917847,0.2027,0,19.71,0
53.39031767845154,0.2027,0,19.71,0
53.39133310317993,0.2027,0,19.71,0
53.4602427482605,0.2027,0,19.71,0
53.4612500667572,0.2027,0,19.71,0
53.51259732246399,0.2027,0,19.71,0
53.590760707855225,0.2027,0,19.71,0
53.5927734375,0.2027,0,19.71,0
53.5927734375,0.2027,0,19.71,0
53.667813777923584,0.2027,0,19.71,0
53.668516397476196,0.2027,0,19.71,0
53.74189233779907,0.2027,0,19.71,0
53.74189233779907,0.2027,0,19.71,0
53.817806243896484,0.2027,0,19.71,0
53.81882905960083,0.2027,0,19.71,0
53.863996267318726,0.2027,0,19.71,0
53.93985891342163,0.2027,0,19.71,0
53.93985891342163,0.2027,0,19.71,0
53.98759746551514,0.2027,0,19.71,0
53.98759746551514,0.2027,0,19.71,0
54.06405305862427,0.2027,0,19.71,0
54.06606388092041,0.2027,0,19.71,0
54.12351155281067,0.2027,0,19.71,0
54.12351155281067,0.2027,0,19.71,0
54.19898343086243,0.2027,0,19.71,0
54.24986672401428,0.2027,0,19.71,0
54.25088596343994,0.2027,0,19.71,0
54.32658863067627,0.2027,0,19.71,0
54.32758855819702,0.2027,0,19.71,0
54.380032777786255,0.2027,0,19.71,0
54.380032777786255,0.2027,0,19.71,0
54.43522119522095,0.2027,0,19.71,0
54.43522119522095,0.2027,0,19.71,0
54.50913071632385,0.2027,0,19.71,0
54.58822727203369,0.2027,0,19.71,0
54.58931231498718,0.2027,0,19.71,0
54.634862422943115,0.2027,0,19.71,0
54.634862422943115,0.2027,0,19.71,0
54.71214842796326,0.2027,0,19.71,0
54.71314239501953,0.2027,0,19.71,0
54.75767755508423,0.2027,0,19.71,0
54.83635973930359,0.2027,0,19.71,0
54.83635973930359,0.2027,0,19.71,0
54.89121723175049,0.2027,0,19.71,0
54.892173528671265,0.2027,0,19.71,0
54.9661762714386,0.2027,0,19.71,0
55.01771521568298,0.2027,0,19.71,0
55.01771521568298,0.2027,0,19.71,0
55.09391665458679,0.2027,0,19.71,0
55.09391665458679,0.2027,0,19.71,0
55.140756607055664,0.2027,0,19.71,0
55.140756607055664,0.2027,0,19.71,0
55.21650719642639,0.2027,0,19.71,0
55.21650719642639,0.2027,0,19.71,0
55.269087076187134,0.2027,0,19.71,0
55.27009654045105,0.2027,0,19.71,0
55.346399545669556,0.2027,0,19.71,0
55.397841453552246,0.2027,0,19.71,0
55.39897179603577,0.2027,0,19.71,0
55.47808122634888,0.2027,0,19.71,0
55.47808122634888,0.2027,0,19.71,0
55.531367778778076,0.2027,0,19.71,0
55.531367778778076,0.2027,0,19.71,0
55.59011363983154,0.2027,0,19.71,0
55.66740703582764,0.2027,0,19.71,0
55.66940975189209,0.2027,0,19.71,0
55.71883702278137,0.2027,0,19.71,0
55.71883702278137,0.2027,0,19.71,0
55.79511523246765,0.2027,0,19.71,0
55.796180963516235,0.2027,0,19.71,0
55.87300896644592,0.2027,0,19.71,0
55.87399935722351,0.2027,0,19.71,0
55.928550720214844,0.2027,0,19.71,0
55.97988438606262,0.2027,0,19.71,0
55.98087477684021,0.2027,0,19.71,0
56.04994177818298,0.2027,0,19.71,0
56.04994177818298,0.2027,0,19.71,0
56.1277437210083,0.2027,0,19.71,0
56.1277437210083,0.2027,0,19.71,0
56.173194885253906,0.2027,0,19.71,0
56.17423176765442,0.2027,0,19.71,0
56.24970364570618,0.2027,0,19.71,0
56.25070571899414,0.2027,0,19.71,0
56.29813599586487,0.2027,0,19.71,0
56.29813599586487,0.2027,0,19.71,0
56.374367237091064,0.2027,0,19.71,0
56.419886112213135,0.2027,0,19.71,0
56.420886278152466,0.2027,0,19.71,0
56.49740147590637,0.2027,0,19.71,0
56.49740147590637,0.2027,0,19.71,0
56.547183990478516,0.2027,0,19.71,0
56.54822134971619,0.2027,0,19.71,0
56.62881326675415,0.2027,0,19.71,0
56.629812479019165,0.2027,0,19.71,0
56.70657157897949,0.2027,0,19.71,0
56.70657157897949,0.2027,0,19.71,0
56.78339743614197,0.2027,0,19.71,0
56.784467697143555,0.2027,0,19.71,0
56.837867736816406,0.2027,0,19.71,0
56.837867736816406,0.2027,0,19.71,0
56.91447925567627,0.2027,0,19.71,0
56.91549015045166,0.2027,0,19.71,0
56.967435359954834,0.2027,0,19.71,0
56.967435359954834,0.2027,0,19.71,0
57.03551912307739,0.2027,0,19.71,0
57.03653264045715,0.2027,0,19.71,0
57.11265730857849,0.2027,0,19.71,0
57.16276454925537,0.2027,0,19.71,0
57.16276454925537,0.2027,0,19.71,0
57.24173378944397,0.2027,0,19.71,0
57.24324560165405,0.2027,0,19.71,0
57.30018734931946,0.2027,0,19.71,0
57.30018734931946,0.2027,0,19.71,0
57.40059232711792,0.2027,0,19.71,0
57.401586294174194,0.2027,0,19.71,0
57.450031757354736,0.2027,0,19.71,0
57.450031757354736,0.2027,0,19.71,0
57.52798771858215,0.2027,0,19.71,0
57.579113483428955,0.2027,0,19.71,0
57.58013439178467,0.2027,0,19.71,0
57.65541696548462,0.2027,0,19.71,0
57.65541696548462,0.2027,0,19.71,0
57.700610399246216,0.2027,0,19.71,0
57.700610399246216,0.2027,0,19.71,0
57.78240156173706,0.2027,0,19.71,0
57.78340148925781,0.2027,0,19.71,0
57.85879874229431,0.2027,0,19.71,0
57.85879874229431,0.2027,0,19.71,0
57.93569779396057,0.2027,0,19.71,0
57.93569779396057,0.2027,0,19.71,0
57.99401021003723,0.2027,0,19.71,0
57.99401021003723,0.2027,0,19.71,0
58.04745364189148,0.2027,0,19.71,0
58.147032022476196,0.2027,0,19.71,0
58.147032022476196,0.2027,0,19.71,0
58.17811465263367,0.2027,0,19.71,0
58.17811465263367,0.2027,0,19.71,0
58.254090785980225,0.2027,0,19.71,0
58.309184074401855,0.2027,0,19.71,0
58.310190200805664,0.2027,0,19.71,0
58.38551998138428,0.2027,0,19.71,0
58.38551998138428,0.2027,0,19.71,0
58.461793422698975,0.2027,0,19.71,0
58.461793422698975,0.2027,0,19.71,0
58.5095489025116,0.2027,0,19.71,0
58.56932520866394,0.2027,0,19.71,0
58.57032322883606,0.2027,0,19.71,0
58.6285605430603,0.2027,0,19.71,0
58.62948250770569,0.2027,0,19.71,0
58.70505452156067,0.2027,0,19.71,0
58.781658411026,0.2027,0,19.71,0
58.781658411026,0.2027,0,19.71,0
58.83545756340027,0.2027,0,19.71,0
58.83648943901062,0.2027,0,19.71,0
58.8886935710907,0.2027,0,19.71,0
58.8886935710907,0.2027,0,19.71,0
58.96542739868164,0.2027,0,19.71,0
59.01405906677246,0.2027,0,19.71,0
59.01405906677246,0.2027,0,19.71,0
59.09299659729004,0.2027,0,19.71,0
59.09299659729004,0.2027,0,19.71,0
59.144851207733154,0.2027,0,19.71,0
59.144851207733154,0.2027,0,19.71,0
59.22743344306946,0.2027,0,19.71,0
59.228437662124634,0.2027,0,19.71,0
59.284663438797,0.2027,0,19.71,0
59.285661458969116,0.2027,0,19.71,0
59.33034324645996,0.2027,0,19.71,0
59.409263134002686,0.2027,0,19.71,0
59.409263134002686,0.2027,0,19.71,0
59.459986209869385,0.2027,0,19.71,0
59.4610059261322,0.2027,0,19.71,0
59.53665566444397,0.2027,0,19.71,0
59.53665566444397,0.2027,0,19.71,0
59.63038897514343,0.2027,0,19.71,0
59.631388902664185,0.2027,0,19.71,0
59.70655822753906,0.2027,0,19.71,0
59.70752477645874,0.2027,0,19.71,0
59.75379824638367,0.2027,0,19.71,0
59.754799127578735,0.2027,0,19.71,0
59.83046817779541,0.2027,0,19.71,0
59.88165283203125,0.2027,0,19.71,0
59.88267731666565,0.2027,0,19.71,0
59.96754503250122,0.2027,0,19.71,0
59.96845865249634,0.2027,0,19.71,0
60.01259517669678,0.2027,0,19.71,0
60.08908724784851,0.2027,0,19.71,0
60.09011220932007,0.2027,0,19.71,0
60.143409967422485,0.2027,0,19.71,0
60.146488666534424,0.2027,0,19.71,0
60.219067335128784,0.2027,0,19.71,0
60.220154762268066,0.2027,0,19.71,0
60.26403594017029,0.2027,0,19.71,0
60.32998037338257,0.2027,0,19.71,0
60.330973386764526,0.2027,0,19.71,0
60.393105030059814,0.2027,0,19.71,0
60.394102334976196,0.2027,0,19.71,0
60.46905279159546,0.2027,0,19.71,0
60.53131341934204,0.2027,0,19.71,0
60.53237748146057,0.2027,0,19.71,0
60.58262491226196,0.2027,0,19.71,0
60.58262491226196,0.2027,0,19.71,0
60.66118502616882,0.2027,0,19.71,0
60.662190198898315,0.2027,0,19.71,0
60.70782947540283,0.2027,0,19.71,0
60.70782947540283,0.2027,0,19.71,0
60.784162521362305,0.2027,0,19.71,0
60.78523540496826,0.2027,0,19.71,0
60.86136221885681,0.2027,0,19.71,0
60.90656280517578,0.2027,0,19.71,0
60.90764760971069,0.2027,0,19.71,0
60.98313665390015,0.2027,0,19.71,0
60.98313665390015,0.2027,0,19.71,0
61.0279381275177,0.2027,0,19.71,0
61.029030561447144,0.2027,0,19.71,0
61.140141248703,0.2027,0,19.71,0
61.14113807678223,0.2027,0,19.71,0
61.19338631629944,0.2027,0,19.71,0
61.194459199905396,0.2027,0,19.71,0
61.271456480026245,0.2027,0,19.71,0
61.32277297973633,0.2027,0,19.71,0
61.32277297973633,0.2027,0,19.71,0
61.398059129714966,0.2027,0,19.71,0
61.399049282073975,0.2027,0,19.71,0
61.448774337768555,0.2027,0,19.71,0
61.448774337768555,0.2027,0,19.71,0
61.523468017578125,0.2027,0,19.71,0
61.52446794509888,0.2027,0,19.71,0
61.56869912147522,0.2027,0,19.71,0
61.56969881057739,0.2027,0,19.71,0
61.649176359176636,0.2027,0,19.71,0
61.70496582984924,0.2027,0,19.71,0
61.70496582984924,0.2027,0,19.71,0
61.78269720077515,0.2027,0,19.71,0
61.78369688987732,0.2027,0,19.71,0
61.82878041267395,0.2027,0,19.71,0
61.82977652549744,0.2027,0,19.71,0
61.930129528045654,0.2027,0,19.71,0
61.930129528045654,0.2027,0,19.71,0
62.010393142700195,0.2027,0,19.71,0
62.010393142700195,0.2027,0,19.71,0
62.05528211593628,0.2027,0,19.71,0
62.05528211593628,0.2027,0,19.71,0
62.13118076324463,0.2027,0,19.71,0
62.13218092918396,0.2027,0,19.71,0
62.21211004257202,0.2027,0,19.71,0
62.21211004257202,0.2027,0,19.71,0
62.2914457321167,0.2027,0,19.71,0
62.29244327545166,0.2027,0,19.71,0
62.3425989151001,0.2027,0,19.71,0
62.41852355003357,0.2027,0,19.71,0
62.41960382461548,0.2027,0,19.71,0
62.46912956237793,0.2027,0,19.71,0
62.47021293640137,0.2027,0,19.71,0
62.540377140045166,0.2027,0,19.71,0
62.541473150253296,0.2027,0,19.71,0
62.61677670478821,0.2027,0,19.71,0
62.6179838180542,0.2027,0,19.71,0
62.66445779800415,0.2027,0,19.71,0
62.665454626083374,0.2027,0,19.71,0
62.74270534515381,0.2027,0,19.71,0
62.78791570663452,0.2027,0,19.71,0
62.79068112373352,0.2027,0,19.71,0
62.864991188049316,0.2027,0,19.71,0
62.864991188049316,0.2027,0,19.71,0
62.918277978897095,0.2027,0,19.71,0
62.91936016082764,0.2027,0,19.71,0
63.02264666557312,0.2027,0,19.71,0
63.02364540100098,0.2027,0,19.71,0
63.084646701812744,0.2027,0,19.71,0
63.08564305305481,0.2027,0,19.71,0
63.16045141220093,0.2027,0,19.71,0
63.162466287612915,0.2027,0,19.71,0
63.206438302993774,0.2027,0,19.71,0
63.275394678115845,0.2027,0,19.71,0
63.27740454673767,0.2027,0,19.71,0
63.33006954193115,0.2027,0,19.71,0
63.33006954193115,0.2027,0,19.71,0
63.405378341674805,0.2027,0,19.71,0
63.405378341674805,0.2027,0,19.71,0
63.482659578323364,0.2027,0,19.71,0
63.482659578323364,0.2027,0,19.71,0
63.529165267944336,0.2027,0,19.71,0
63.610445499420166,0.2027,0,19.71,0
63.61154580116272,0.2027,0,19.71,0
63.612467765808105,0.2027,0,19.71,0
63.65773391723633,0.2027,0,19.71,0
63.72143507003784,0.2027,0,19.71,0
63.722432136535645,0.2027,0,19.71,0
63.79885673522949,0.2027,0,19.71,0
63.79885673522949,0.2027,0,19.71,0
63.90267467498779,0.2027,0,19.71,0
63.90267467498779,0.2027,0,19.71,0
63.946617126464844,0.2027,0,19.71,0
63.946617126464844,0.2027,0,19.71,0
64.02276039123535,0.2027,0,19.71,0
64.07300543785095,0.2027,0,19.71,0
64.07400488853455,0.2027,0,19.71,0
64.12890291213989,0.2027,0,19.71,0
64.12990188598633,0.2027,0,19.71,0
64.20379781723022,0.2027,0,19.71,0
64.20478940010071,0.2027,0,19.71,0
64.28138709068298,0.2027,0,19.71,0
64.28238487243652,0.2027,0,19.71,0
64.34265089035034,0.2027,0,19.71,0
64.38816833496094,0.2027,0,19.71,0
64.3890151977539,0.2027,0,19.71,0
64.39007592201233,0.2027,0,19.71,0
64.48983669281006,0.2027,0,19.71,0
64.48983669281006,0.2027,0,19.71,0
64.56598997116089,0.2027,0,19.71,0
64.56700611114502,0.2027,0,19.71,0
64.61142253875732,0.2027,0,19.71,0
64.68943691253662,0.2027,0,19.71,0
64.68943691253662,0.2027,0,19.71,0
64.75135922431946,0.2027,0,19.71,0
64.75135922431946,0.2027,0,19.71,0
64.80184864997864,0.2027,0,19.71,0
64.80287551879883,0.2027,0,19.71,0
64.87868785858154,0.2027,0,19.71,0
64.87868785858154,0.2027,0,19.71,0
64.9584732055664,0.2027,0,19.71,0
64.9584732055664,0.2027,0,19.71,0
65.03643369674683,0.2027,0,19.71,0
65.03643369674683,0.2027,0,19.71,0
65.11342549324036,0.2027,0,19.71,0
65.11449670791626,0.2027,0,19.71,0
65.16516208648682,0.2027,0,19.71,0
65.21809816360474,0.2027,0,19.71,0
65.2191789150238,0.2027,0,19.71,0
65.29561829566956,0.2027,0,19.71,0
65.2966992855072,0.2027,0,19.71,0
65.37175297737122,0.2027,0,19.71,0
65.37175297737122,0.2027,0,19.71,0
65.41913557052612,0.2027,0,19.71,0
65.48158979415894,0.2027,0,19.71,0
65.48158979415894,0.2027,0,19.71,0
65.5602478981018,0.2027,0,19.71,0
65.5602478981018,0.2027,0,19.71,0
65.61021876335144,0.2027,0,19.71,0
65.61130595207214,0.2027,0,19.71,0
65.67033505439758,0.2027,0,19.71,0
65.67126393318176,0.2027,0,19.71,0
65.75414037704468,0.2027,0,19.71,0
65.75513982772827,0.2027,0,19.71,0
65.79663348197937,0.2027,0,19.71,0
65.85821270942688,0.2027,0,19.71,0
65.85922002792358,0.2027,0,19.71,0
65.91139817237854,0.2027,0,19.71,0
65.91239547729492,0.2027,0,19.71,0
65.9893786907196,0.2027,0,19.71,0
65.9893786907196,0.2027,0,19.71,0
66.09142780303955,0.2027,0,19.71,0
66.09142780303955,0.2027,0,19.71,0
66.1677782535553,0.2027,0,19.71,0
66.16877579689026,0.2027,0,19.71,0
66.21004176139832,0.2027,0,19.71,0
66.27055311203003,0.2027,0,19.71,0
66.27055311203003,0.2027,0,19.71,0
66.3470675945282,0.2027,0,19.71,0
66.34815192222595,0.2027,0,19.71,0
66.39878416061401,0.2027,0,19.71,0
66.47562742233276,0.2027,0,19.71,0
66.47661972045898,0.2027,0,19.71,0
66.52906680107117,0.2027,0,19.71,0
66.52906680107117,0.2027,0,19.71,0
66.60359001159668,0.2027,0,19.71,0
66.60359001159668,0.2027,0,19.71,0
66.68076086044312,0.2027,0,19.71,0
66.68076086044312,0.2027,0,19.71,0
66.73255753517151,0.2027,0,19.71,0
66.81034421920776,0.2027,0,19.71,0
66.81129169464111,0.2027,0,19.71,0
66.81129169464111,0.2027,0,19.71,0
66.8866515159607,0.2027,0,19.71,0
66.88765263557434,0.2027,0,19.71,0
66.96051859855652,0.2027,0,19.71,0
66.96151900291443,0.2027,0,19.71,0
67.01014542579651,0.2027,0,19.71,0
67.01014542579651,0.2027,0,19.71,0
67.08903074264526,0.2027,0,19.71,0
67.08903074264526,0.2027,0,19.71,0
67.14167404174805,0.2027,0,19.71,0
67.21962141990662,0.2027,0,19.71,0
67.21962141990662,0.2027,0,19.71,0
67.27063751220703,0.2027,0,19.71,0
67.27063751220703,0.2027,0,19.71,0
67.33042454719543,0.2027,0,19.71,0
67.33144736289978,0.2027,0,19.71,0
67.40777230262756,0.2027,0,19.71,0
67.40777230262756,0.2027,0,19.71,0
67.45843267440796,0.2027,0,19.71,0
67.53438210487366,0.2027,0,19.71,0
67.53538203239441,0.2027,0,19.71,0
67.59159970283508,0.2027,0,19.71,0
67.59260392189026,0.2027,0,19.71,0
67.66859865188599,0.2027,0,19.71,0
67.6696093082428,0.2027,0,19.71,0
67.7179126739502,0.2027,0,19.71,0
67.79674887657166,0.2027,0,19.71,0
67.79983592033386,0.2027,0,19.71,0
67.8431761264801,0.2027,0,19.71,0
67.84517025947571,0.2027,0,19.71,0
67.92012977600098,0.2027,0,19.71,0
67.97001647949219,0.2027,0,19.71,0
67.97001647949219,0.2027,0,19.71,0
67.97102642059326,0.2027,0,19.71,0
68.05295205116272,0.2027,0,19.71,0
68.09919118881226,0.2027,0,19.71,0
68.10020327568054,0.2027,0,19.71,0
68.17677044868469,0.2027,0,19.71,0
68.17797517776489,0.2027,0,19.71,0
68.22826838493347,0.2027,0,19.71,0
68.22826838493347,0.2027,0,19.71,0
68.30417203903198,0.2027,0,19.71,0
68.30519652366638,0.2027,0,19.71,0
68.3500566482544,0.2027,0,19.71,0
68.42667365074158,0.2027,0,19.71,0
68.42667365074158,0.2027,0,19.71,0
68.47902536392212,0.2027,0,19.71,0
68.47902536392212,0.2027,0,19.71,0
68.55708003044128,0.2027,0,19.71,0
68.5581636428833,0.2027,0,19.71,0
68.61140394210815,0.2027,0,19.71,0
68.61140394210815,0.2027,0,19.71,0
68.687429189682,0.2027,0,19.71,0
68.68805694580078,0.2027,0,19.71,0
68.74196171760559,0.2027,0,19.71,0
68.81923389434814,0.2027,0,19.71,0
68.82023978233337,0.2027,0,19.71,0
68.87331509590149,0.2027,0,19.71,0
68.8743884563446,0.2027,0,19.71,0
68.95204877853394,0.2027,0,19.71,0
68.95204877853394,0.2027,0,19.71,0
68.99914598464966,0.2027,0,19.71,0
69.00024366378784,0.2027,0,19.71,0
69.07642197608948,0.2027,0,19.71,0
69.14645743370056,0.2027,0,19.71,0
69.14645743370056,0.2027,0,19.71,0
69.18872094154358,0.2027,0,19.71,0
69.18970227241516,0.2027,0,19.71,0
69.2652759552002,0.2027,0,19.71,0
69.2652759552002,0.2027,0,19.71,0
69.31531286239624,0.2027,0,19.71,0
69.39153861999512,0.2027,0,19.71,0
69.39153861999512,0.2027,0,19.71,0
69.4466621875763,0.2027,0,19.71,0
69.4466621875763,0.2027,0,19.71,0
69.50175142288208,0.2027,0,19.71,0
69.50275993347168,0.2027,0,19.71,0
69.57304430007935,0.2027,0,19.71,0
69.57404351234436,0.2027,0,19.71,0
69.67647647857666,0.2027,0,19.71,0
69.67748308181763,0.2027,0,19.71,0
69.72843217849731,0.2027,0,19.71,0
69.72944569587708,0.2027,0,19.71,0
69.80503368377686,0.2027,0,19.71,0
69.80503368377686,0.2027,0,19.71,0
69.8804075717926,0.2027,0,19.71,0
69.92283773422241,0.2027,0,19.71,0
69.92283773422241,0.2027,0,19.71,0
69.99794483184814,0.2027,0,19.71,0
69.99842309951782,0.2027,0,19.71,0
70.04919767379761,0.2027,0,19.71,0
70.05071783065796,0.2027,0,19.71,0
70.11459922790527,0.2027,0,19.71,0
70.19338774681091,0.2027,0,19.71,0
70.19443035125732,0.2027,0,19.71,0
70.26272559165955,0.2027,0,19.71,0
70.26272559165955,0.2027,0,19.71,0
70.31374526023865,0.2027,0,19.71,0
70.38914895057678,0.2027,0,19.71,0
70.39015340805054,0.2027,0,19.71,0
70.43537259101868,0.2027,0,19.71,0
70.43638467788696,0.2027,0,19.71,0
70.51227378845215,0.2027,0,19.71,0
70.5132794380188,0.2027,0,19.71,0
70.56343650817871,0.2027,0,19.71,0
70.56443643569946,0.2027,0,19.71,0
70.62655234336853,0.2027,0,19.71,0
70.62655234336853,0.2027,0,19.71,0
70.70465588569641,0.2027,0,19.71,0
70.70561790466309,0.2027,0,19.71,0
70.78155279159546,0.2027,0,19.71,0
70.78155279159546,0.2027,0,19.71,0
70.85776472091675,0.2027,0,19.71,0
70.85776472091675,0.2027,0,19.71,0
70.9085304737091,0.2027,0,19.71,0
71.0016496181488,0.2027,0,19.71,0
71.0016496181488,0.2027,0,19.71,0
71.05175447463989,0.2027,0,19.71,0
71.05326747894287,0.2027,0,19.71,0
71.10373735427856,0.2027,0,19.71,0
71.10373735427856,0.2027,0,19.71,0
71.18035864830017,0.2027,0,19.71,0
71.18136739730835,0.2027,0,19.71,0
71.26028966903687,0.2027,0,19.71,0
71.26028966903687,0.2027,0,19.71,0
71.33548593521118,0.2027,0,19.71,0
71.33758044242859,0.2027,0,19.71,0
71.40275597572327,0.2027,0,19.71,0
71.40275597572327,0.2027,0,19.71,0
71.45490717887878,0.2027,0,19.71,0
71.53315901756287,0.2027,0,19.71,0
71.53415727615356,0.2027,0,19.71,0
71.57804656028748,0.2027,0,19.71,0
71.57804656028748,0.2027,0,19.71,0
71.65425395965576,0.2027,0,19.71,0
71.65528059005737,0.2027,0,19.71,0
71.73160648345947,0.2027,0,19.71,0
71.73253774642944,0.2027,0,19.71,0
71.77676963806152,0.2027,0,19.71,0
71.85306024551392,0.2027,0,19.71,0
71.85306024551392,0.2027,0,19.71,0
71.89815855026245,0.2027,0,19.71,0
71.89815855026245,0.2027,0,19.71,0
71.9741907119751,0.2027,0,19.71,0
71.9741907119751,0.2027,0,19.71,0
72.03262567520142,0.2027,0,19.71,0
72.03262567520142,0.2027,0,19.71,0
72.1038327217102,0.2027,0,19.71,0
72.10490989685059,0.2027,0,19.71,0
72.18277215957642,0.2027,0,19.71,0
72.18277215957642,0.2027,0,19.71,0
72.2295446395874,0.2027,0,19.71,0
72.30681729316711,0.2027,0,19.71,0
72.30681729316711,0.2027,0,19.71,0
72.30779695510864,0.2027,0,19.71,0
72.38339900970459,0.2027,0,19.71,0
72.44890117645264,0.2027,0,19.71,0
72.44990754127502,0.2027,0,19.71,0
72.47941994667053,0.2027,0,19.71,0
72.47941994667053,0.2027,0,19.71,0
72.55814361572266,0.2027,0,19.71,0
72.60923075675964,0.2027,0,19.71,0
72.61025667190552,0.2027,0,19.71,0
72.68434619903564,0.2027,0,19.71,0
72.68537402153015,0.2027,0,19.71,0
72.73859596252441,0.2027,0,19.71,0
72.73959374427795,0.2027,0,19.71,0
72.81703495979309,0.2027,0,19.71,0
72.81796717643738,0.2027,0,19.71,0
72.86253666877747,0.2027,0,19.71,0
72.86253666877747,0.2027,0,19.71,0
72.93780827522278,0.2027,0,19.71,0
72.93780827522278,0.2027,0,19.71,0
72.9886736869812,0.2027,0,19.71,0
72.98975729942322,0.2027,0,19.71,0
73.06823515892029,0.2027,0,19.71,0
73.11914491653442,0.2027,0,19.71,0
73.1202290058136,0.2027,0,19.71,0
73.20049500465393,0.2027,0,19.71,0
73.2026047706604,0.2027,0,19.71,0
73.25641560554504,0.2027,0,19.71,0
73.3099057674408,0.2027,0,19.71,0
73.31097340583801,0.2027,0,19.71,0
73.38537812232971,0.2027,0,19.71,0
73.38648176193237,0.2027,0,19.71,0
73.46276473999023,0.2027,0,19.71,0
73.46276473999023,0.2027,0,19.71,0
73.50674247741699,0.2027,0,19.71,0
73.50821018218994,0.2027,0,19.71,0
73.57649350166321,0.2027,0,19.71,0
73.57649350166321,0.2027,0,19.71,0
73.65055084228516,0.2027,0,19.71,0
73.65162563323975,0.2027,0,19.71,0
73.6991856098175,0.2027,0,19.71,0
73.77550721168518,0.2027,0,19.71,0
73.77651786804199,0.2027,0,19.71,0
73.77651786804199,0.2027,0,19.71,0
73.82648921012878,0.2027,0,19.71,0
73.90178966522217,0.2027,0,19.71,0
73.9028069972992,0.2027,0,19.71,0
73.90380501747131,0.2027,0,19.71,0
73.97794008255005,0.2027,0,19.71,0
73.97794008255005,0.2027,0,19.71,0
74.05675220489502,0.2027,0,19.71,0
74.0577700138092,0.2027,0,19.71,0
74.1124050617218,0.2027,0,19.71,0
74.11339664459229,0.2027,0,19.71,0
74.18851566314697,0.2027,0,19.71,0
74.1908528804779,0.2027,0,19.71,0
74.24149489402771,0.2027,0,19.71,0
74.30633187294006,0.2027,0,19.71,0
74.30633187294006,0.2027,0,19.71,0
74.36068654060364,0.2027,0,19.71,0
74.36068654060364,0.2027,0,19.71,0
74.4367401599884,0.2027,0,19.71,0
74.4367401599884,0.2027,0,19.71,0
74.4883668422699,0.2027,0,19.71,0
74.4893684387207,0.2027,0,19.71,0
74.56440234184265,0.2027,0,19.71,0
74.56440234184265,0.2027,0,19.71,0
74.6401698589325,0.2027,0,19.71,0
74.68899726867676,0.2027,0,19.71,0
74.68899726867676,0.2027,0,19.71,0
74.76809000968933,0.2027,0,19.71,0
74.76809000968933,0.2027,0,19.71,0
74.81311845779419,0.2027,0,19.71,0
74.81311845779419,0.2027,0,19.71,0
74.89776706695557,0.2027,0,19.71,0
74.89776706695557,0.2027,0,19.71,0
74.94155144691467,0.2027,0,19.71,0
74.94155144691467,0.2027,0,19.71,0
75.01774597167969,0.2027,0,19.71,0
75.01774597167969,0.2027,0,19.71,0
75.070232629776,0.2027,0,19.71,0
75.070232629776,0.2027,0,19.71,0
75.14854645729065,0.2027,0,19.71,0
75.20776224136353,0.2027,0,19.71,0
75.20776224136353,0.2027,0,19.71,0
75.26101350784302,0.2027,0,19.71,0
75.26101350784302,0.2027,0,19.71,0
75.33779954910278,0.2027,0,19.71,0
75.33879661560059,0.2027,0,19.71,0
75.39269709587097,0.2027,0,19.71,0
75.39369559288025,0.2027,0,19.71,0
75.49431085586548,0.2027,0,19.71,0
75.49541473388672,0.2027,0,19.71,0
75.57046461105347,0.2027,0,19.71,0
75.57046461105347,0.2027,0,19.71,0
75.61481809616089,0.2027,0,19.71,0
75.61590814590454,0.2027,0,19.71,0
75.6944968700409,0.2027,0,19.71,0
75.6944968700409,0.2027,0,19.71,0
75.74552059173584,0.2027,0,19.71,0
75.8176281452179,0.2027,0,19.71,0
75.8176281452179,0.2027,0,19.71,0
75.86030554771423,0.2027,0,19.71,0
75.86030554771423,0.2027,0,19.71,0
75.93913674354553,0.2027,0,19.71,0
75.93913674354553,0.2027,0,19.71,0
76.01550436019897,0.2027,0,19.71,0
76.01700377464294,0.2027,0,19.71,0
76.0603039264679,0.2027,0,19.71,0
76.0613226890564,0.2027,0,19.71,0
76.14027118682861,0.2027,0,19.71,0
76.14174485206604,0.2027,0,19.71,0
76.1927478313446,0.2027,0,19.71,0
76.19374680519104,0.2027,0,19.71,0
76.26786470413208,0.2027,0,19.71,0
76.31930041313171,0.2027,0,19.71,0
76.3203239440918,0.2027,0,19.71,0
76.39690089225769,0.2027,0,19.71,0
76.39798498153687,0.2027,0,19.71,0
76.45183324813843,0.2027,0,19.71,0
76.45283246040344,0.2027,0,19.71,0
76.5134265422821,0.2027,0,19.71,0
76.51446866989136,0.2027,0,19.71,0
76.61919903755188,0.2027,0,19.71,0
76.61919903755188,0.2027,0,19.71,0
76.67028760910034,0.2027,0,19.71,0
76.67028760910034,0.2027,0,19.71,0
76.75180196762085,0.2027,0,19.71,0
76.75282096862793,0.2027,0,19.71,0
76.80271410942078,0.2027,0,19.71,0
76.87667512893677,0.2027,0,19.71,0
76.877769947052,0.2027,0,19.71,0
76.9313006401062,0.2027,0,19.71,0
76.93230056762695,0.2027,0,19.71,0
77.00920057296753,0.2027,0,19.71,0
77.00920057296753,0.2027,0,19.71,0
77.05474209785461,0.2027,0,19.71,0
77.05574250221252,0.2027,0,19.71,0
77.13151597976685,0.2027,0,19.71,0
77.13251256942749,0.2027,0,19.71,0
77.23273468017578,0.2027,0,19.71,0
77.23273468017578,0.2027,0,19.71,0
77.28335475921631,0.2027,0,19.71,0
77.28442740440369,0.2027,0,19.71,0
77.36275887489319,0.2027,0,19.71,0
77.36375689506531,0.2027,0,19.71,0
77.40867352485657,0.2027,0,19.71,0
77.4097592830658,0.2027,0,19.71,0
77.48424530029297,0.2027,0,19.71,0
77.48533296585083,0.2027,0,19.71,0
77.53150844573975,0.2027,0,19.71,0
77.53150844573975,0.2027,0,19.71,0
77.6083025932312,0.2027,0,19.71,0
77.60938358306885,0.2027,0,19.71,0
77.70951223373413,0.2027,0,19.71,0
77.70951223373413,0.2027,0,19.71,0
77.76526260375977,0.2027,0,19.71,0
77.76726198196411,0.2027,0,19.71,0
77.8315122127533,0.2027,0,19.71,0
77.83251070976257,0.2027,0,19.71,0
77.88279223442078,0.2027,0,19.71,0
77.95810174942017,0.2027,0,19.71,0
77.95810174942017,0.2027,0,19.71,0
78.00917363166809,0.2027,0,19.71,0
78.00917363166809,0.2027,0,19.71,0
78.0879979133606,0.2027,0,19.71,0
78.08853363990784,0.2027,0,19.71,0
78.13960838317871,0.2027,0,19.71,0
78.13960838317871,0.2027,0,19.71,0
78.21610951423645,0.2027,0,19.71,0
78.2917332649231,0.2027,0,19.71,0
78.29366540908813,0.2027,0,19.71,0
78.29473900794983,0.2027,0,19.71,0
78.34780287742615,0.2027,0,19.71,0
78.40672874450684,0.2027,0,19.71,0
78.4077525138855,0.2027,0,19.71,0
78.4579029083252,0.2027,0,19.71,0
78.45882511138916,0.2027,0,19.71,0
78.53529834747314,0.2027,0,19.71,0
78.53529834747314,0.2027,0,19.71,0
78.5876932144165,0.2027,0,19.71,0
78.58913922309875,0.2027,0,19.71,0
78.66549372673035,0.2027,0,19.71,0
78.7239408493042,0.2027,0,19.71,0
78.72484850883484,0.2027,0,19.71,0
78.80050849914551,0.2027,0,19.71,0
78.80050849914551,0.2027,0,19.71,0
78.84643411636353,0.2027,0,19.71,0
78.84643411636353,0.2027,0,19.71,0
78.92338180541992,0.2027,0,19.71,0
78.92445254325867,0.2027,0,19.71,0
78.96782970428467,0.2027,0,19.71,0
78.96782970428467,0.2027,0,19.71,0
79.04668354988098,0.2027,0,19.71,0
79.04779887199402,0.2027,0,19.71,0
79.11298394203186,0.2027,0,19.71,0
79.11397576332092,0.2027,0,19.71,0
79.1642255783081,0.2027,0,19.71,0
79.24236583709717,0.2027,0,19.71,0
79.24338006973267,0.2027,0,19.71,0
79.28921580314636,0.2027,0,19.71,0
79.29024028778076,0.2027,0,19.71,0
79.36805820465088,0.2027,0,19.71,0
79.36855578422546,0.2027,0,19.71,0
79.42230367660522,0.2027,0,19.71,0
79.42339015007019,0.2027,0,19.71,0
79.5227861404419,0.2027,0,19.71,0
79.5227861404419,0.2027,0,19.71,0
79.60027718544006,0.2027,0,19.71,0
79.60027718544006,0.2027,0,19.71,0
79.64653277397156,0.2027,0,19.71,0
79.64653277397156,0.2027,0,19.71,0
79.73001456260681,0.2027,0,19.71,0
79.73086667060852,0.2027,0,19.71,0
79.78156113624573,0.2027,0,19.71,0
79.78255844116211,0.2027,0,19.71,0
79.84277248382568,0.2027,0,19.71,0
79.84377026557922,0.2027,0,19.71,0
79.89816689491272,0.2027,0,19.71,0
79.90018701553345,0.2027,0,19.71,0
79.99927234649658,0.2027,0,19.71,0
79.99927234649658,0.2027,0,19.71,0
80.07785940170288,0.2027,0,19.71,0
80.07785940170288,0.2027,0,19.71,0
80.1227855682373,0.2027,0,19.71,0
80.1227855682373,0.2027,0,19.71,0
80.18748235702515,0.2027,0,19.71,0
80.1884355545044,0.2027,0,19.71,0
80.26530838012695,0.2027,0,19.71,0
80.34285283088684,0.2027,0,19.71,0
80.34384942054749,0.2027,0,19.71,0
80.38676691055298,0.2027,0,19.71,0
80.38770294189453,0.2027,0,19.71,0
80.44145464897156,0.2027,0,19.71,0
80.44145464897156,0.2027,0,19.71,0
80.51778793334961,0.2027,0,19.71,0
80.51778793334961,0.2027,0,19.71,0
80.57048726081848,0.2027,0,19.71,0
80.57048726081848,0.2027,0,19.71,0
80.65031218528748,0.2027,0,19.71,0
80.70177245140076,0.2027,0,19.71,0
80.70177245140076,0.2027,0,19.71,0
80.77844262123108,0.2027,0,19.71,0
80.77844262123108,0.2027,0,19.71,0
80.83070135116577,0.2027,0,19.71,0
80.83070135116577,0.2027,0,19.71,0
80.9084255695343,0.2027,0,19.71,0
80.97925186157227,0.2027,0,19.71,0
80.97999143600464,0.2027,0,19.71,0
81.02416634559631,0.2027,0,19.71,0
81.0261025428772,0.2027,0,19.71,0
81.10032391548157,0.2027,0,19.71,0
81.10032391548157,0.2027,0,19.71,0
81.15106272697449,0.2027,0,19.71,0
81.22910952568054,0.2027,0,19.71,0
81.22910952568054,0.2027,0,19.71,0
81.28870177268982,0.2027,0,19.71,0
81.28870177268982,0.2027,0,19.71,0
81.33926677703857,0.2027,0,19.71,0
81.33926677703857,0.2027,0,19.71,0
81.4155478477478,0.2027,0,19.71,0
81.4692964553833,0.2027,0,19.71,0
81.47030806541443,0.2027,0,19.71,0
81.54937791824341,0.2027,0,19.71,0
81.54937791824341,0.2027,0,19.71,0
81.59071087837219,0.2027,0,19.71,0
81.59071087837219,0.2027,0,19.71,0
81.67280745506287,0.2027,0,19.71,0
81.67280745506287,0.2027,0,19.71,0
81.72673106193542,0.2027,0,19.71,0
81.72673106193542,0.2027,0,19.71,0
81.80316233634949,0.2027,0,19.71,0
81.84858751296997,0.2027,0,19.71,0
81.84858751296997,0.2027,0,19.71,0
81.92398929595947,0.2027,0,19.71,0
81.92398929595947,0.2027,0,19.71,0
81.97768497467041,0.2027,0,19.71,0
81.97844672203064,0.2027,0,19.71,0
82.04230833053589,0.2027,0,19.71,0
82.11923670768738,0.2027,0,19.71,0
82.11923670768738,0.2027,0,19.71,0
82.16984009742737,0.2027,0,19.71,0
82.1709258556366,0.2027,0,19.71,0
82.24987292289734,0.2027,0,19.71,0
82.24987292289734,0.2027,0,19.71,0
82.31285190582275,0.2027,0,19.71,0
82.31385374069214,0.2027,0,19.71,0
82.36543321609497,0.2027,0,19.71,0
82.43781065940857,0.2027,0,19.71,0
82.43868136405945,0.2027,0,19.71,0
82.49215245246887,0.2027,0,19.71,0
82.49215245246887,0.2027,0,19.71,0
82.56814002990723,0.2027,0,19.71,0
82.56922602653503,0.2027,0,19.71,0
82.61895680427551,0.2027,0,19.71,0
82.62000393867493,0.2027,0,19.71,0
82.69563364982605,0.2027,0,19.71,0
82.69563364982605,0.2027,0,19.71,0
82.75923895835876,0.2027,0,19.71,0
82.81107020378113,0.2027,0,19.71,0
82.8120698928833,0.2027,0,19.71,0
82.88677072525024,0.2027,0,19.71,0
82.88677072525024,0.2027,0,19.71,0
82.9396424293518,0.2027,0,19.71,0
82.9396424293518,0.2027,0,19.71,0
83.0181131362915,0.2027,0,19.71,0
83.06909680366516,0.2027,0,19.71,0
83.06909680366516,0.2027,0,19.71,0
83.13798403739929,0.2027,0,19.71,0
83.13798403739929,0.2027,0,19.71,0
83.18905711174011,0.2027,0,19.71,0
83.1900577545166,0.2027,0,19.71,0
83.26957678794861,0.2027,0,19.71,0
83.26957678794861,0.2027,0,19.71,0
83.3205828666687,0.2027,0,19.71,0
83.32158970832825,0.2027,0,19.71,0
83.39777135848999,0.2027,0,19.71,0
83.44904160499573,0.2027,0,19.71,0
83.44904160499573,0.2027,0,19.71,0
83.52683544158936,0.2027,0,19.71,0
83.52683544158936,0.2027,0,19.71,0
83.57793688774109,0.2027,0,19.71,0
83.57793688774109,0.2027,0,19.71,0
83.65384149551392,0.2027,0,19.71,0
83.73041772842407,0.2027,0,19.71,0
83.73041772842407,0.2027,0,19.71,0
83.77840065956116,0.2027,0,19.71,0
83.77840065956116,0.2027,0,19.71,0
83.86466383934021,0.2027,0,19.71,0
83.86466383934021,0.2027,0,19.71,0
83.91036343574524,0.2027,0,19.71,0
83.91036343574524,0.2027,0,19.71,0
83.98820424079895,0.2027,0,19.71,0
83.98820424079895,0.2027,0,19.71,0
84.06650471687317,0.2027,0,19.71,0
84.0675163269043,0.2027,0,19.71,0
84.11996388435364,0.2027,0,19.71,0
84.11996388435364,0.2027,0,19.71,0
84.17921614646912,0.2027,0,19.71,0
84.2497968673706,0.2027,0,19.71,0
84.2497968673706,0.2027,0,19.71,0
84.32952928543091,0.2027,0,19.71,0
84.33044815063477,0.2027,0,19.71,0
84.38248705863953,0.2027,0,19.71,0
84.38248705863953,0.2027,0,19.71,0
84.45900845527649,0.2027,0,19.71,0
84.51050591468811,0.2027,0,19.71,0
84.51050591468811,0.2027,0,19.71,0
84.56905913352966,0.2027,0,19.71,0
84.56905913352966,0.2027,0,19.71,0
84.64372181892395,0.2027,0,19.71,0
84.64472270011902,0.2027,0,19.71,0
84.72249245643616,0.2027,0,19.71,0
84.72249245643616,0.2027,0,19.71,0
84.76914811134338,0.2027,0,19.71,0
84.76914811134338,0.2027,0,19.71,0
84.82275414466858,0.2027,0,19.71,0
84.9003279209137,0.2027,0,19.71,0
84.9003279209137,0.2027,0,19.71,0
84.96939301490784,0.2027,0,19.71,0
84.96939301490784,0.2027,0,19.71,0
85.01879811286926,0.2027,0,19.71,0
85.01979804039001,0.2027,0,19.71,0
85.09788727760315,0.2027,0,19.71,0
85.09788727760315,0.2027,0,19.71,0
85.14439249038696,0.2027,0,19.71,0
85.22905468940735,0.2027,0,19.71,0
85.22998309135437,0.2027,0,19.71,0
85.27555203437805,0.2027,0,19.71,0
85.27555203437805,0.2027,0,19.71,0
85.34211850166321,0.2027,0,19.71,0
85.34211850166321,0.2027,0,19.71,0
85.42087173461914,0.2027,0,19.71,0
85.46037817001343,0.2027,0,19.71,0
85.46037817001343,0.2027,0,19.71,0
85.54039573669434,0.2027,0,19.71,0
85.54039573669434,0.2027,0,19.71,0
85.58690404891968,0.2027,0,19.71,0
85.66238689422607,0.2027,0,19.71,0
85.66238689422607,0.2027,0,19.71,0
85.71923065185547,0.2027,0,19.71,0
85.71923065185547,0.2027,0,19.71,0
85.80034160614014,0.2027,0,19.71,0
85.80034160614014,0.2027,0,19.71,0
85.84902119636536,0.2027,0,19.71,0
85.84902119636536,0.2027,0,19.71,0
85.92284345626831,0.2027,0,19.71,0
85.92284345626831,0.2027,0,19.71,0
86.00880646705627,0.2027,0,19.71,0
86.00880646705627,0.2027,0,19.71,0
86.07643246650696,0.2027,0,19.71,0
86.11273241043091,0.2027,0,19.71,0
86.11373233795166,0.2027,0,19.71,0
86.18614172935486,0.2027,0,19.71,0
86.18614172935486,0.2027,0,19.71,0
86.23158645629883,0.2027,0,19.71,0
86.30806016921997,0.2027,0,19.71,0
86.30806016921997,0.2027,0,19.71,0
86.35903906822205,0.2027,0,19.71,0
86.3600389957428,0.2027,0,19.71,0
86.44453263282776,0.2027,0,19.71,0
86.44453263282776,0.2027,0,19.71,0
86.49055314064026,0.2027,0,19.71,0
86.4915521144867,0.2027,0,19.71,0
86.57494020462036,0.2027,0,19.71,0
86.57494020462036,0.2027,0,19.71,0
86.62508749961853,0.2027,0,19.71,0
102.2100989818573,0.0,0,0.0,0
102.21118760108948,0.0,0,0.0,0
102.21118760108948,0.0,0,0.0,0
102.21118760108948,0.0,0,0.0,0
102.30355215072632,0.0,0,0.0,0
102.30355215072632,0.0,0,0.0,0
102.34882616996765,0.0,0,0.0,0
102.350421667099,0.0,0,0.0,0
102.42750287055969,0.0,0,0.0,0
102.42750287055969,0.0,0,0.0,0
102.47959470748901,0.0,0,0.0,0
102.55796074867249,0.0,0,0.0,0
102.55796074867249,0.0,0,0.0,0
102.60745596885681,0.0,0,0.0,0
102.60745596885681,0.0,0,0.0,0
102.66999673843384,0.0,0,0.0,0
102.66999673843384,0.0,0,0.0,0
102.74590301513672,0.0,0,0.0,0
102.79727602005005,0.0,0,0.0,0
102.79727602005005,0.0,0,0.0,0
102.87617921829224,0.0,0,0.0,0
102.87617921829224,0.0,0,0.0,0
102.92759490013123,0.0,0,0.0,0
102.9932005405426,0.0,0,0.0,0
102.9932005405426,0.0,0,0.0,0
103.07040071487427,0.0,0,0.0,0
103.07040071487427,0.0,0,0.0,0
103.12375593185425,0.0,0,0.0,0
103.12483096122742,0.0,0,0.0,0
103.20042848587036,0.0,0,0.0,0
103.20145010948181,0.0,0,0.0,0
103.27915549278259,0.0,0,0.0,0
103.27915549278259,0.0,0,0.0,0
103.34336400032043,0.0,0,0.0,0
103.34336400032043,0.0,0,0.0,0
103.42552638053894,0.0,0,0.0,0
103.42653059959412,0.0,0,0.0,0
103.47067213058472,0.0,0,0.0,0
103.546639919281,0.0,0,0.0,0
103.54757952690125,0.0,0,0.0,0
103.59769582748413,0.0,0,0.0,0
103.59769582748413,0.0,0,0.0,0
103.70200395584106,0.0,0,0.0,0
103.70292615890503,0.0,0,0.0,0
103.76178479194641,0.0,0,0.0,0
103.76270246505737,0.0,0,0.0,0
103.83893132209778,0.0,0,0.0,0
103.83893132209778,0.0,0,0.0,0
103.89150094985962,0.0,0,0.0,0
103.89245748519897,0.0,0,0.0,0
103.96979022026062,0.0,0,0.0,0
104.02102589607239,0.0,0,0.0,0
104.02102589607239,0.0,0,0.0,0
104.0867829322815,0.0,0,0.0,0
104.08777904510498,0.0,0,0.0,0
104.13979840278625,0.0,0,0.0,0
104.13979840278625,0.0,0,0.0,0
104.21844696998596,0.0,0,0.0,0
104.26914310455322,0.0,0,0.0,0
104.26914310455322,0.0,0,0.0,0
104.34537744522095,0.0,0,0.0,0
104.34637761116028,0.0,0,0.0,0
104.39932322502136,0.0,0,0.0,0
104.40031361579895,0.0,0,0.0,0
104.45729541778564,0.0,0,0.0,0
104.53445744514465,0.0,0,0.0,0
104.53547692298889,0.0,0,0.0,0
104.58801531791687,0.0,0,0.0,0
104.58901309967041,0.0,0,0.0,0
104.66542983055115,0.0,0,0.0,0
